,champion_name,champion_title,class,playstyle,date_release,last_change,blue_essence_price,rp_price,resource,HP,HP+,HP_lvl18,HP5,HP5+,HP5_lvl18,MP,MP+,MP_lvl18,MP5,MP5+,MP5_lvl18,AD,AD+,AD_lvl18,AS,AS+,AS_lvl18,AR,AR+,AR_lvl18,MR,MR+,MR_lvl18,MS,MS_lvl18,range,range_lvl18,Role,Tier,Score,Trend,Win %,Role %,Pick %,Ban %,KDA,patch_version
0,Aatrox,the Darkin Blade,Fighter,Juggernaut,2013-06-13,V12.4,4800,880,Blood Well,580.0,90.0,2110.0,3.0,1.0,20.0,0.0,0.0,0.0,0.0,0.0,0.0,60.0,5.0,145.0,0.651,2.5%,0.927675,38.0,3.25,93.25,32.0,1.25,53.25,345.0,345.0,175.0,175.0,TOP,God,89.5,0.31,50.1,90.37,9.85,20.8,1.9,12.23
1,Ahri,the Nine-Tailed Fox,Mage,Burst,2011-12-14,V12.5,3150,790,Mana,500.0,82.0,1894.0,2.5,0.6,12.7,418.0,25.0,843.0,8.0,0.8,21.6,53.0,3.0,104.0,0.668,2%,0.89512,18.0,3.5,77.5,30.0,0.5,38.5,330.0,330.0,550.0,550.0,MID,A,52.62,-2.26,49.64,91.71,5.37,2.28,2.4,12.23
2,Akali,the Rogue Assassin,Slayer,Assassin,2010-11-05,V11.22,3150,790,Energy,500.0,105.0,2285.0,9.0,0.9,24.3,200.0,0.0,200.0,50.0,0.0,50.0,62.0,3.3,118.1,0.625,3.2%,0.965,23.0,3.5,82.5,37.0,1.25,58.25,345.0,345.0,125.0,125.0,MID,S,61.16,-4.15,48.46,75.48,9.39,15.86,2.3,12.23
3,Akali,the Rogue Assassin,Slayer,Assassin,2010-11-05,V11.22,3150,790,Energy,500.0,105.0,2285.0,9.0,0.9,24.3,200.0,0.0,200.0,50.0,0.0,50.0,62.0,3.3,118.1,0.625,3.2%,0.965,23.0,3.5,82.5,37.0,1.25,58.25,345.0,345.0,125.0,125.0,TOP,B,41.14,-1.83,45.46,23.39,2.95,15.86,1.98,12.23
4,Akshan,the Rogue Sentinel,Marksman,Assassin,2021-07-22,V12.3,6300,975,Mana,560.0,90.0,2090.0,3.75,0.65,14.8,350.0,40.0,1030.0,8.175,0.7,20.075,52.0,3.5,111.5,0.638,4%,1.07184,26.0,3.0,77.0,30.0,0.5,38.5,330.0,330.0,500.0,500.0,MID,A,49.05,-0.97,51.55,64.06,2.49,3.87,2.18,12.23
5,Akshan,the Rogue Sentinel,Marksman,Assassin,2021-07-22,V12.3,6300,975,Mana,560.0,90.0,2090.0,3.75,0.65,14.8,350.0,40.0,1030.0,8.175,0.7,20.075,52.0,3.5,111.5,0.638,4%,1.07184,26.0,3.0,77.0,30.0,0.5,38.5,330.0,330.0,500.0,500.0,TOP,B,41.96,-0.32,51.55,25.06,0.88,3.87,1.97,12.23
6,Alistar,the Minotaur,Tank,Vanguard,2009-02-21,V11.11,1350,585,Mana,600.0,106.0,2402.0,8.5,0.85,22.95,350.0,40.0,1030.0,8.5,0.8,22.1,62.0,3.75,125.75,0.625,2.125%,0.85078125,44.0,3.5,103.5,32.0,1.25,53.25,330.0,330.0,125.0,125.0,SUPPORT,B,44.24,1.74,49.49,94.8,2.63,0.66,2.38,12.23
7,Amumu,the Sad Mummy,Tank,Vanguard,2009-06-26,V12.4,450,260,Mana,615.0,75.0,1890.0,9.0,0.85,23.45,285.0,40.0,965.0,7.38,0.53,16.39,53.0,3.8,117.6,0.736,2.18%,1.0087616,30.0,3.0,81.0,32.0,1.25,53.25,335.0,335.0,125.0,125.0,SUPPORT,A,51.53,1.56,51.94,64.41,3.58,3.07,2.12,12.23
8,Amumu,the Sad Mummy,Tank,Vanguard,2009-06-26,V12.4,450,260,Mana,615.0,75.0,1890.0,9.0,0.85,23.45,285.0,40.0,965.0,7.38,0.53,16.39,53.0,3.8,117.6,0.736,2.18%,1.0087616,30.0,3.0,81.0,32.0,1.25,53.25,335.0,335.0,125.0,125.0,JUNGLE,C,40.62,3.33,51.55,33.52,2.1,3.07,2.68,12.23
9,Anivia,the Cryophoenix,Mage,Battlemage,2009-10-07,V11.20,3150,790,Mana,480.0,82.0,1874.0,5.5,0.55,14.85,495.0,45.0,1260.0,8.0,0.8,21.6,51.0,3.2,105.4,0.625,1.68%,0.8035,21.0,4.0,89.0,30.0,0.5,38.5,325.0,325.0,600.0,600.0,MID,A,50.12,-0.46,51.53,76.09,1.92,1.78,2.69,12.23
10,Anivia,the Cryophoenix,Mage,Battlemage,2009-10-07,V11.20,3150,790,Mana,480.0,82.0,1874.0,5.5,0.55,14.85,495.0,45.0,1260.0,8.0,0.8,21.6,51.0,3.2,105.4,0.625,1.68%,0.8035,21.0,4.0,89.0,30.0,0.5,38.5,325.0,325.0,600.0,600.0,SUPPORT,C,34.25,-0.71,48.66,16.9,0.41,1.77,2.22,12.23
11,Annie,the Dark Child,Mage,Burst,2009-02-21,V11.15,450,260,Mana,524.0,88.0,2020.0,5.5,0.55,14.85,418.0,25.0,843.0,8.0,0.8,21.6,50.0,2.63,94.71,0.579,1.36%,0.7128648,19.0,4.0,87.0,30.0,0.5,38.5,335.0,335.0,625.0,625.0,MID,B,44.34,1.4,49.95,75.6,1.3,0.49,2.22,12.23
12,Annie,the Dark Child,Mage,Burst,2009-02-21,V11.15,450,260,Mana,524.0,88.0,2020.0,5.5,0.55,14.85,418.0,25.0,843.0,8.0,0.8,21.6,50.0,2.63,94.71,0.579,1.36%,0.7128648,19.0,4.0,87.0,30.0,0.5,38.5,335.0,335.0,625.0,625.0,SUPPORT,D,26.13,-1.45,45.47,14.61,0.25,0.54,1.97,12.23
13,Aphelios,the Weapon of the Faithful,Marksman,Marksman,2019-11-12,V12.5,6300,975,Mana,510.0,88.0,2006.0,3.25,0.55,12.6,348.0,42.0,1062.0,6.5,0.4,13.3,55.0,3.0,106.0,0.64,2.1%,0.86848,26.0,3.0,77.0,30.0,0.5,38.5,325.0,325.0,550.0,550.0,ADC,D,29.66,-3.48,46.75,96.51,4.36,0.77,1.91,12.23
14,Ashe,the Frost Archer,Marksman,Marksman,2009-02-21,V12.5,450,260,Mana,570.0,87.0,2049.0,3.5,0.55,12.85,280.0,32.0,824.0,6.97,0.4,13.77,59.0,2.96,109.32,0.658,3.33%,1.0304938,26.0,3.4,83.8,30.0,0.5,38.5,325.0,325.0,600.0,600.0,ADC,A,51.12,-4.79,50.37,60.93,7.69,2.59,2.31,12.23
15,Ashe,the Frost Archer,Marksman,Marksman,2009-02-21,V12.5,450,260,Mana,570.0,87.0,2049.0,3.5,0.55,12.85,280.0,32.0,824.0,6.97,0.4,13.77,59.0,2.96,109.32,0.658,3.33%,1.0304938,26.0,3.4,83.8,30.0,0.5,38.5,325.0,325.0,600.0,600.0,SUPPORT,B,48.49,-0.59,48.86,35.65,4.29,2.59,2.29,12.23
16,Aurelion Sol,The Star Forger,Mage,Battlemage,2016-03-24,V11.21,6300,975,Mana,575.0,92.0,2139.0,7.0,0.6,17.2,350.0,50.0,1200.0,6.0,0.8,19.6,57.0,3.2,111.4,0.625,1.36%,0.7695,19.0,3.6,80.2,30.0,0.5,38.5,325.0,325.0,550.0,550.0,MID,B,42.52,-4.14,49.45,84.41,0.74,0.36,2.23,12.23
17,Azir,the Emperor of the Sands,Specialist,Specialist,2014-09-16,V11.22,4800,880,Mana,552.0,92.0,2116.0,7.0,0.75,19.75,480.0,21.0,837.0,8.0,0.8,21.6,52.0,2.8,99.6,0.625,3%,0.94375,19.0,3.0,70.0,30.0,0.5,38.5,335.0,335.0,525.0,525.0,MID,C,37.89,-2.5,45.21,87.01,2.46,0.73,1.91,12.23
18,Bard,the Wandering Caretaker,Controllerer,Catcher,2015-12-03,V12.1,4800,880,Mana,560.0,89.0,2073.0,5.5,0.55,14.85,350.0,50.0,1200.0,6.0,0.45,13.65,52.0,3.0,103.0,0.625,2%,0.8375,34.0,4.0,102.0,30.0,0.5,38.5,330.0,330.0,500.0,500.0,SUPPORT,A,49.19,1.29,49.69,96.02,3.18,0.58,2.96,12.23
19,Blitzcrank,the Great Steam Golem,Controllerer,Catcher,2009-02-09,V12.4,3150,790,Mana,583.0,95.0,2198.0,7.5,0.75,20.25,267.0,40.0,947.0,8.5,0.8,22.1,62.0,3.5,121.5,0.625,1.13%,0.7450625,40.0,3.5,99.5,32.0,1.25,53.25,325.0,325.0,125.0,125.0,SUPPORT,S,67.25,-1.21,50.87,95.53,6.95,18.93,2.38,12.23
20,Brand,the Burning Vengeance,Mage,Burst,2011-12-04,V12.3,4800,880,Mana,520.0,88.0,2016.0,5.5,0.55,14.85,469.0,21.0,826.0,10.67,0.6,20.87,57.0,3.0,108.0,0.625,1.36%,0.7695,22.0,3.5,81.5,30.0,0.5,38.5,340.0,340.0,550.0,550.0,SUPPORT,A,51.81,-0.72,51.06,77.28,4.35,5.49,1.86,12.23
21,Brand,the Burning Vengeance,Mage,Burst,2011-12-04,V12.3,4800,880,Mana,520.0,88.0,2016.0,5.5,0.55,14.85,469.0,21.0,826.0,10.67,0.6,20.87,57.0,3.0,108.0,0.625,1.36%,0.7695,22.0,3.5,81.5,30.0,0.5,38.5,340.0,340.0,550.0,550.0,MID,B,41.94,-3.46,49.74,13.23,0.78,5.49,1.96,12.23
22,Braum,the Heart of the Freljord,Tank,Warden,2014-12-05,V11.19,4800,880,Mana,540.0,98.0,2206.0,8.5,1.0,25.5,311.0,45.0,1076.0,6.0,0.8,19.6,55.0,3.2,109.4,0.644,3.5%,1.02718,47.0,4.0,115.0,32.0,1.25,53.25,335.0,335.0,125.0,125.0,SUPPORT,B,40.9,-0.23,49.02,96.71,1.73,0.33,2.53,12.23
23,Caitlyn,the Sheriff of Piltover,Marksman,Marksman,2011-04-01,V12.5,4800,880,Mana,510.0,93.0,2091.0,3.5,0.55,12.85,315.0,35.0,910.0,7.4,0.55,16.75,62.0,3.4,119.8,0.681,4%,1.14408,28.0,3.5,87.5,30.0,0.5,38.5,325.0,325.0,650.0,650.0,ADC,God,91.95,-0.48,49.98,97.32,18.88,18.15,2.19,12.23
24,Camille,the Steel Shadow,Fighter,Diver,2016-07-12,V11.24,6300,975,Mana,576.0,85.0,2021.0,8.5,0.8,22.1,339.0,52.0,1223.0,8.15,0.75,20.9,68.0,3.5,127.5,0.644,2.5%,0.9177,35.0,3.8,99.6,32.1,1.25,53.35,340.0,340.0,125.0,125.0,TOP,S,59.25,-3.21,50.1,87.2,5.43,2.49,1.93,12.23
25,Cassiopeia,the Serpent's Embrace,Mage,Battlemage,2010-12-14,V11.15,4800,880,Mana,560.0,90.0,2090.0,5.5,0.5,14.0,350.0,60.0,1370.0,8.0,0.8,21.6,53.0,3.0,104.0,0.647,1.5%,0.811985,18.0,3.5,77.5,32.0,0.5,40.5,328.0,328.0,550.0,550.0,MID,B,44.68,0.83,50.26,73.85,1.64,1.4,2.04,12.23
26,Cassiopeia,the Serpent's Embrace,Mage,Battlemage,2010-12-14,V11.15,4800,880,Mana,560.0,90.0,2090.0,5.5,0.5,14.0,350.0,60.0,1370.0,8.0,0.8,21.6,53.0,3.0,104.0,0.647,1.5%,0.811985,18.0,3.5,77.5,32.0,0.5,40.5,328.0,328.0,550.0,550.0,TOP,B,41.86,5.58,53.22,12.97,0.28,1.4,1.87,12.23
27,Cassiopeia,the Serpent's Embrace,Mage,Battlemage,2010-12-14,V11.15,4800,880,Mana,560.0,90.0,2090.0,5.5,0.5,14.0,350.0,60.0,1370.0,8.0,0.8,21.6,53.0,3.0,104.0,0.647,1.5%,0.811985,18.0,3.5,77.5,32.0,0.5,40.5,328.0,328.0,550.0,550.0,ADC,D,29.96,-4.81,51.01,10.99,0.23,1.43,2.17,12.23
28,Corki,the Daring Bombardier,Marksman,Marksman,2009-09-19,V12.3,3150,790,Mana,518.0,87.0,1997.0,5.5,0.55,14.85,350.0,54.0,1268.0,7.42,0.55,16.77,55.0,2.5,97.5,0.638,2.3%,0.887458,28.0,3.5,87.5,30.0,0.5,38.5,325.0,325.0,550.0,550.0,MID,B,43.17,1.76,49.66,86.89,1.0,0.24,2.19,12.23
29,Darius,the Hand of Noxus,Fighter,Juggernaut,2012-05-23,V12.3,4800,880,Mana,582.0,100.0,2282.0,10.0,0.95,26.15,263.0,57.5,1240.5,6.6,0.35,12.55,64.0,5.0,149.0,0.625,1%,0.73125,39.0,4.0,107.0,32.0,1.25,53.25,340.0,340.0,175.0,175.0,TOP,God,84.98,5.89,50.43,91.16,8.69,23.39,1.86,12.23
30,Diana,Scorn of the Moon,Slayer,Assassin,2012-07-08,V12.1,4800,880,Mana,570.0,95.0,2185.0,6.5,0.85,20.95,375.0,25.0,800.0,8.0,0.8,21.6,57.0,3.0,108.0,0.625,2.25%,0.8640625,31.0,3.1,83.7,32.0,1.25,53.25,345.0,345.0,150.0,150.0,JUNGLE,God,75.15,19.36,52.25,71.28,7.34,4.53,2.53,12.23
31,Diana,Scorn of the Moon,Slayer,Assassin,2012-07-08,V12.1,4800,880,Mana,570.0,95.0,2185.0,6.5,0.85,20.95,375.0,25.0,800.0,8.0,0.8,21.6,57.0,3.0,108.0,0.625,2.25%,0.8640625,31.0,3.1,83.7,32.0,1.25,53.25,345.0,345.0,150.0,150.0,MID,A,48.95,4.89,51.55,25.45,2.59,4.53,2.11,12.23
32,Dr. Mundo,the Madman of Zaun,Fighter,Juggernaut,2009-02-09,V12.4,450,260,Health,583.0,89.0,2096.0,6.5,0.75,19.25,0.0,0.0,0.0,0.0,0.0,0.0,61.0,3.5,120.5,0.72,3.3%,1.12392,32.0,3.0,83.0,32.0,1.25,53.25,345.0,345.0,125.0,125.0,TOP,God,87.33,31.8,54.35,75.54,8.59,13.19,2.0,12.23
33,Dr. Mundo,the Madman of Zaun,Fighter,Juggernaut,2009-02-09,V12.4,450,260,Health,583.0,89.0,2096.0,6.5,0.75,19.25,0.0,0.0,0.0,0.0,0.0,0.0,61.0,3.5,120.5,0.72,3.3%,1.12392,32.0,3.0,83.0,32.0,1.25,53.25,345.0,345.0,125.0,125.0,JUNGLE,B,47.88,-1.01,53.62,19.22,2.01,13.19,2.86,12.23
34,Draven,the Glorious Executioner,Marksman,Marksman,2012-06-06,V12.5,4800,880,Mana,605.0,90.0,2135.0,3.75,0.7,15.65,360.56,39.0,1023.56,8.04,0.65,19.09,62.0,3.61,123.37,0.679,2.7%,0.990661,29.0,3.3,85.1,30.0,0.5,38.5,330.0,330.0,550.0,550.0,ADC,A,51.88,3.66,50.86,95.07,6.61,19.89,2.08,12.23
35,Ekko,the Boy Who Shattered Time,Slayer,Assassin,2015-05-29,V11.18,6300,975,Mana,585.0,85.0,2030.0,9.0,0.9,24.3,280.0,70.0,1470.0,7.0,0.8,20.6,58.0,3.0,109.0,0.688,3.3%,1.073968,32.0,3.0,83.0,32.0,1.25,53.25,340.0,340.0,125.0,125.0,JUNGLE,S,70.5,5.41,51.47,68.32,6.58,5.58,2.79,12.23
36,Ekko,the Boy Who Shattered Time,Slayer,Assassin,2015-05-29,V11.18,6300,975,Mana,585.0,85.0,2030.0,9.0,0.9,24.3,280.0,70.0,1470.0,7.0,0.8,20.6,58.0,3.0,109.0,0.688,3.3%,1.073968,32.0,3.0,83.0,32.0,1.25,53.25,340.0,340.0,125.0,125.0,MID,A,49.66,2.61,51.14,28.82,2.8,5.58,2.3,12.23
37,Elise,the Spider Queen,Fighter,Diver,2012-10-26,V12.5,4800,880,Mana,555.0,93.0,2136.0,5.5,0.6,15.7,324.0,50.0,1174.0,6.0,0.8,19.6,55.0,3.0,106.0,0.625,1.75%,0.8109375,27.0,4.0,95.0,30.0,0.5,38.5,330.0,330.0,550.0,550.0,JUNGLE,A,53.18,2.01,51.79,93.73,3.85,3.29,2.79,12.23
38,Evelynn,Agony's Embrace,Slayer,Assassin,2009-01-05,V11.17,1350,585,Mana,572.0,84.0,2000.0,8.5,0.75,21.25,315.0,42.0,1029.0,8.11,0.6,18.31,61.0,3.0,112.0,0.667,2.1%,0.905119,37.0,3.5,96.5,32.1,1.25,53.35,335.0,335.0,125.0,125.0,JUNGLE,S,58.89,-2.16,50.64,97.35,4.83,7.47,2.97,12.23
39,Ezreal,the Prodigal Explorer,Marksman,Marksman,2010-03-16,V11.21,3150,790,Mana,530.0,88.0,2026.0,4.0,0.65,15.05,375.0,70.0,1565.0,8.5,0.65,19.55,60.0,2.5,102.5,0.625,2.5%,0.890625,24.0,3.5,83.5,30.0,0.5,38.5,325.0,325.0,550.0,550.0,ADC,God,78.95,-4.21,48.64,94.54,18.4,3.91,2.35,12.23
40,Fiddlesticks,the Ancient Fear,Specialist,Specialist,2009-02-21,V11.23,1350,585,Mana,580.4,92.0,2144.4,5.5,0.6,15.7,500.0,28.0,976.0,8.0,0.8,21.6,55.36,2.63,100.07,0.625,2.11%,0.8491875,34.0,3.5,93.5,30.0,0.5,38.5,335.0,335.0,480.0,480.0,JUNGLE,B,48.15,0.74,52.15,80.12,2.97,1.91,2.79,12.23
41,Fiddlesticks,the Ancient Fear,Specialist,Specialist,2009-02-21,V11.23,1350,585,Mana,580.4,92.0,2144.4,5.5,0.6,15.7,500.0,28.0,976.0,8.0,0.8,21.6,55.36,2.63,100.07,0.625,2.11%,0.8491875,34.0,3.5,93.5,30.0,0.5,38.5,335.0,335.0,480.0,480.0,SUPPORT,C,37.21,1.34,50.34,13.63,0.44,1.88,2.1,12.23
42,Fiora,the Grand Duelist,Slayer,Skirmisher,2012-02-29,V11.19,4800,880,Mana,550.0,85.0,1995.0,8.5,0.55,17.85,300.0,60.0,1320.0,8.0,0.7,19.9,68.0,3.3,124.1,0.69,3.2%,1.06536,33.0,3.5,92.5,32.0,1.25,53.25,345.0,345.0,150.0,150.0,TOP,God,91.89,-0.98,51.51,96.95,8.93,26.91,1.74,12.23
43,Fizz,the Tidal Trickster,Slayer,Assassin,2011-11-15,V11.23,4800,880,Mana,570.0,98.0,2236.0,8.0,0.7,19.9,317.0,37.0,946.0,6.0,0.8,19.6,58.0,3.0,109.0,0.658,3.1%,1.004766,22.0,3.4,79.8,32.0,1.25,53.25,335.0,335.0,175.0,175.0,MID,A,50.6,2.76,51.06,93.61,3.23,4.19,2.36,12.23
44,Galio,the Colossus,Tank,Warden,2010-10-08,V11.24,3150,790,Mana,562.0,112.0,2466.0,8.0,0.8,21.6,500.0,40.0,1180.0,9.5,0.7,21.4,59.0,3.5,118.5,0.625,1.5%,0.784375,24.0,3.5,83.5,32.0,1.25,53.25,335.0,335.0,150.0,150.0,MID,A,50.83,3.71,52.33,77.36,1.85,0.35,2.62,12.23
45,Galio,the Colossus,Tank,Warden,2010-10-08,V11.24,3150,790,Mana,562.0,112.0,2466.0,8.0,0.8,21.6,500.0,40.0,1180.0,9.5,0.7,21.4,59.0,3.5,118.5,0.625,1.5%,0.784375,24.0,3.5,83.5,32.0,1.25,53.25,335.0,335.0,150.0,150.0,SUPPORT,C,37.15,3.47,49.94,18.99,0.45,0.36,2.26,12.23
46,Gangplank,the Saltwater Scourge,Specialist,Specialist,2009-08-19,V12.4,3150,790,Mana,570.0,90.0,2100.0,6.0,0.6,16.2,280.0,60.0,1300.0,7.5,0.7,19.4,64.0,4.0,132.0,0.658,3.2%,1.015952,35.0,3.0,86.0,32.0,1.25,53.25,345.0,345.0,125.0,125.0,TOP,S,66.24,6.23,49.44,81.4,7.04,5.03,1.95,12.23
47,Gangplank,the Saltwater Scourge,Specialist,Specialist,2009-08-19,V12.4,3150,790,Mana,570.0,90.0,2100.0,6.0,0.6,16.2,280.0,60.0,1300.0,7.5,0.7,19.4,64.0,4.0,132.0,0.658,3.2%,1.015952,35.0,3.0,86.0,32.0,1.25,53.25,345.0,345.0,125.0,125.0,MID,A,49.1,2.66,52.49,17.04,1.61,5.03,2.25,12.23
48,Garen,The Might of Demacia,Fighter,Juggernaut,2010-04-27,V11.21,450,260,,620.0,84.0,2048.0,8.0,0.5,16.5,0.0,0.0,0.0,0.0,0.0,0.0,66.0,4.5,142.5,0.625,3.65%,1.0128125,36.0,3.0,87.0,32.0,0.75,44.75,340.0,340.0,175.0,175.0,TOP,S,57.26,2.96,50.16,82.98,4.85,1.84,2.03,12.23
49,Gnar,the Missing Link,Specialist,Specialist,2014-08-14,V11.13,4800,880,Rage,510.0,65.0,1615.0,4.5,1.75,34.25,100.0,0.0,100.0,0.0,0.0,0.0,57.0,3.0,108.0,0.625,6%,1.2625,32.0,2.5,74.5,30.0,0.5,38.5,335.0,335.0,400.0,400.0,TOP,B,41.36,-2.09,48.6,93.85,2.32,0.48,1.83,12.23
50,Gragas,the Rabble Rouser,Tank,Vanguard,2010-02-02,V11.19,3150,790,Mana,555.0,92.0,2119.0,8.0,0.7,19.9,325.0,40.0,1005.0,8.0,0.7,19.9,68.0,4.0,136.0,0.475,2.6%,0.68495,33.0,3.4,90.8,32.0,1.25,53.25,340.0,340.0,425.0,125.0,MID,B,45.21,4.48,50.6,16.59,0.75,0.41,2.43,12.23
51,Gragas,the Rabble Rouser,Tank,Vanguard,2010-02-02,V11.19,3150,790,Mana,555.0,92.0,2119.0,8.0,0.7,19.9,325.0,40.0,1005.0,8.0,0.7,19.9,68.0,4.0,136.0,0.475,2.6%,0.68495,33.0,3.4,90.8,32.0,1.25,53.25,340.0,340.0,425.0,125.0,TOP,C,37.87,-2.63,47.08,42.77,1.9,0.41,2.06,12.23
52,Gragas,the Rabble Rouser,Tank,Vanguard,2010-02-02,V11.19,3150,790,Mana,555.0,92.0,2119.0,8.0,0.7,19.9,325.0,40.0,1005.0,8.0,0.7,19.9,68.0,4.0,136.0,0.475,2.6%,0.68495,33.0,3.4,90.8,32.0,1.25,53.25,340.0,340.0,425.0,125.0,SUPPORT,C,33.66,6.71,48.37,10.61,0.45,0.41,2.19,12.23
53,Gragas,the Rabble Rouser,Tank,Vanguard,2010-02-02,V11.19,3150,790,Mana,555.0,92.0,2119.0,8.0,0.7,19.9,325.0,40.0,1005.0,8.0,0.7,19.9,68.0,4.0,136.0,0.475,2.6%,0.68495,33.0,3.4,90.8,32.0,1.25,53.25,340.0,340.0,425.0,125.0,JUNGLE,C,33.32,-2.19,50.18,28.93,1.26,0.41,2.93,12.23
54,Graves,the Outlaw,Specialist,Specialist,2011-10-19,V11.23,4800,880,Mana,590.0,95.0,2205.0,8.5,0.55,17.85,330.0,40.0,1010.0,7.5,0.7,19.4,63.0,3.0,114.0,0.69,2.25%,0.953925,39.0,4.0,107.0,32.0,1.25,53.25,340.0,340.0,150.0,425.0,JUNGLE,S,60.4,-8.15,49.19,83.92,6.07,5.21,2.6,12.23
55,Gwen,the Hallowed Seamstress,Slayer,Skirmisher,2021-04-15,V12.5,6300,975,Mana,580.0,90.0,2110.0,7.0,0.75,19.75,277.0,60.0,1297.0,6.5,0.6,16.7,66.0,3.2,120.4,0.67,2.5%,0.95475,35.0,4.25,107.25,32.0,1.25,53.25,345.0,345.0,175.0,150.0,TOP,B,47.51,-0.57,50.34,80.39,3.01,0.99,1.76,12.23
56,Gwen,the Hallowed Seamstress,Slayer,Skirmisher,2021-04-15,V12.5,6300,975,Mana,580.0,90.0,2110.0,7.0,0.75,19.75,277.0,60.0,1297.0,6.5,0.6,16.7,66.0,3.2,120.4,0.67,2.5%,0.95475,35.0,4.25,107.25,32.0,1.25,53.25,345.0,345.0,175.0,150.0,JUNGLE,D,20.03,-17.08,48.21,13.26,0.47,0.99,2.37,12.23
57,Hecarim,the Shadow of War,Fighter,Diver,2012-04-18,V11.21,4800,880,Mana,488.0,87.0,1967.0,7.0,0.55,16.35,385.0,20.0,725.0,8.0,0.8,21.6,56.0,2.7,101.9,0.625,1.36%,0.7695,19.0,3.0,70.0,30.0,0.5,38.5,340.0,340.0,550.0,175.0,JUNGLE,God,78.33,-12.64,49.33,98.26,6.92,24.27,2.6,12.23
58,Heimerdinger,the Revered Inventor,Specialist,Specialist,2009-10-10,V12.1,3150,790,Mana,586.0,95.0,2201.0,9.5,0.8,23.1,300.0,50.0,1150.0,7.5,0.75,20.25,68.0,5.0,153.0,0.625,2.5%,0.890625,35.0,3.8,99.6,32.0,1.25,53.25,350.0,350.0,125.0,550.0,SUPPORT,A,53.24,0.81,52.41,63.72,3.67,7.09,2.07,12.23
59,Heimerdinger,the Revered Inventor,Specialist,Specialist,2009-10-10,V12.1,3150,790,Mana,586.0,95.0,2201.0,9.5,0.8,23.1,300.0,50.0,1150.0,7.5,0.75,20.25,68.0,5.0,153.0,0.625,2.5%,0.890625,35.0,3.8,99.6,32.0,1.25,53.25,350.0,350.0,125.0,550.0,MID,A,48.96,-0.23,53.71,16.81,1.02,7.09,2.05,12.23
60,Heimerdinger,the Revered Inventor,Specialist,Specialist,2009-10-10,V12.1,3150,790,Mana,586.0,95.0,2201.0,9.5,0.8,23.1,300.0,50.0,1150.0,7.5,0.75,20.25,68.0,5.0,153.0,0.625,2.5%,0.890625,35.0,3.8,99.6,32.0,1.25,53.25,350.0,350.0,125.0,550.0,TOP,C,35.54,-4.26,49.77,10.94,0.65,7.09,1.68,12.23
61,Illaoi,the Kraken Priestess,Fighter,Juggernaut,2015-11-24,V12.4,6300,975,Mana,520.0,110.0,2390.0,8.5,0.85,22.95,350.0,50.0,1200.0,8.0,0.8,21.6,65.0,4.0,133.0,0.656,2.5%,0.9348,36.0,3.0,87.0,28.0,1.25,49.25,335.0,335.0,200.0,125.0,TOP,A,53.69,0.83,51.11,90.57,4.1,7.31,1.48,12.23
62,Irelia,the Blade Dancer,Fighter,Diver,2010-11-16,V11.20,4800,880,Mana,585.0,85.0,2030.0,7.0,0.85,21.45,450.0,60.0,1470.0,6.0,0.75,18.75,50.0,3.0,101.0,0.644,3.4%,1.016232,27.0,3.5,86.5,32.0,1.25,53.25,330.0,330.0,475.0,200.0,TOP,S,59.83,6.55,49.83,45.65,5.36,13.48,1.68,12.23
63,Irelia,the Blade Dancer,Fighter,Diver,2010-11-16,V11.20,4800,880,Mana,585.0,85.0,2030.0,7.0,0.85,21.45,450.0,60.0,1470.0,6.0,0.75,18.75,50.0,3.0,101.0,0.644,3.4%,1.016232,27.0,3.5,86.5,32.0,1.25,53.25,330.0,330.0,475.0,200.0,MID,A,54.88,0.56,50.95,52.11,6.0,13.48,1.84,12.23
64,Ivern,the Green Father,Controllerer,Catcher,2016-05-10,V11.24,6300,975,Mana,500.0,70.0,1690.0,5.5,0.55,14.85,350.0,64.0,1438.0,11.5,0.4,18.3,52.0,3.0,103.0,0.625,"3,00%",0.94375,28.0,3.8,92.6,30.0,0.5,38.5,325.0,325.0,500.0,475.0,JUNGLE,C,33.36,-1.09,49.95,74.42,1.0,0.47,3.29,12.23
65,Ivern,the Green Father,Controllerer,Catcher,2016-05-10,V11.24,6300,975,Mana,500.0,70.0,1690.0,5.5,0.55,14.85,350.0,64.0,1438.0,11.5,0.4,18.3,52.0,3.0,103.0,0.625,"3,00%",0.94375,28.0,3.8,92.6,30.0,0.5,38.5,325.0,325.0,500.0,475.0,SUPPORT,D,29.27,-2.77,46.06,16.8,0.22,0.45,2.42,12.23
66,Janna,the Storm's Fury,Controller,Enchanter,2009-02-09,V12.4,1350,585,Mana,570.0,90.0,2100.0,8.0,0.7,19.9,300.0,40.0,980.0,6.5,0.45,14.15,64.0,3.4,121.8,0.658,2.5%,0.93765,34.0,3.6,95.2,32.0,1.25,53.25,340.0,340.0,175.0,550.0,SUPPORT,S,62.44,-1.88,52.76,98.03,4.95,1.95,3.12,12.23
67,Jarvan IV,the Exemplar of Demacia,Fighter,Diver,2011-01-03,V11.20,4800,880,Mana,593.0,85.0,2038.0,8.5,0.55,17.85,339.0,52.0,1223.0,7.58,0.7,19.48,68.0,4.25,140.25,0.638,3.4%,1.006764,36.0,3.0,87.0,32.0,1.25,53.25,350.0,350.0,125.0,175.0,JUNGLE,C,37.87,-10.5,50.38,83.41,1.72,0.21,3.13,12.23
68,Jax,Grandmaster at Arms,Slayer,Skirmisher,2009-02-21,V11.5,1350,585,Mana,560.0,90.0,2090.0,6.0,0.6,16.2,375.0,45.0,1140.0,6.0,0.8,19.6,54.0,4.25,126.25,0.658,"3,00%",0.99358,27.0,3.5,86.5,30.0,0.5,38.5,335.0,335.0,125.0,125.0,TOP,S,65.52,-3.27,51.05,81.58,6.33,8.05,1.71,12.23
69,Jax,Grandmaster at Arms,Slayer,Skirmisher,2009-02-21,V11.5,1350,585,Mana,560.0,90.0,2090.0,6.0,0.6,16.2,375.0,45.0,1140.0,6.0,0.8,19.6,54.0,4.25,126.25,0.658,"3,00%",0.99358,27.0,3.5,86.5,30.0,0.5,38.5,335.0,335.0,125.0,125.0,JUNGLE,D,24.74,-15.68,48.36,15.22,1.3,7.66,2.16,12.23
70,Jayce,the Defender of Tomorrow,Mage Artillery,Artillery,2012-07-07,V11.22,4800,880,Mana,585.0,93.0,2166.0,3.75,0.55,13.1,300.0,50.0,1150.0,6.0,0.8,19.6,59.0,4.7,138.9,0.625,3%,0.94375,24.0,3.5,83.5,30.0,0.5,38.5,330.0,330.0,550.0,125.0,MID,B,45.37,1.1,51.64,20.36,0.51,0.29,2.21,12.23
71,Jayce,the Defender of Tomorrow,Mage Artillery,Artillery,2012-07-07,V11.22,4800,880,Mana,585.0,93.0,2166.0,3.75,0.55,13.1,300.0,50.0,1150.0,6.0,0.8,19.6,59.0,4.7,138.9,0.625,3%,0.94375,24.0,3.5,83.5,30.0,0.5,38.5,330.0,330.0,550.0,125.0,TOP,B,40.75,0.24,49.07,75.97,2.04,0.29,1.78,12.23
72,Jhin,the Virtuoso,Marksman,Marksman,2016-01-02,V11.16,6300,975,Mana,610.0,86.0,2072.0,3.75,0.5,12.25,245.0,45.0,1010.0,6.7,1.0,23.7,57.0,3.4,114.8,0.625,1%,0.73125,26.0,3.5,85.5,30.0,0.5,38.5,325.0,325.0,525.0,550.0,ADC,God,79.3,0.86,51.41,92.71,14.93,3.87,2.87,12.23
73,Jinx,the Loose Cannon,Marksman,Marksman,2013-10-10,V12.5,4800,880,Mana,600.0,88.0,2096.0,3.5,0.55,12.85,344.88,38.0,990.88,8.2,0.45,15.85,59.0,2.0,93.0,0.644,1.8%,0.841064,28.0,3.0,79.0,30.0,0.5,38.5,335.0,335.0,525.0,525.0,ADC,A,50.98,-1.24,50.5,97.9,7.96,0.88,2.2,12.23
74,Kalista,the Spear of Vengeance,Marksman,Marksman,2014-11-20,V12.4,4800,880,Mana,534.0,95.0,2149.0,5.5,0.55,14.85,374.0,50.0,1224.0,13.0,0.5,21.5,51.0,3.3,107.1,0.625,2.3%,0.869375,28.0,3.8,92.6,30.0,0.5,38.5,335.0,335.0,525.0,525.0,ADC,D,30.23,-2.76,48.05,91.58,2.8,0.88,2.16,12.23
75,Karma,the Enlightened One,Mage,Burst,2011-01-02,V11.18,3150,790,Mana,550.0,87.0,2029.0,6.5,0.55,15.85,467.0,30.5,985.5,8.0,0.8,21.6,46.0,3.25,101.25,0.625,2.11%,0.8491875,18.0,3.5,77.5,30.0,0.5,38.5,335.0,335.0,450.0,525.0,SUPPORT,S,62.44,-0.24,49.25,83.94,7.58,2.33,2.65,12.23
76,Karthus,the Deathsinger,Mage,Battlemage,2009-12-06,V12.5,3150,790,Mana,576.0,105.0,2361.0,6.0,0.5,14.5,400.0,87.0,1879.0,6.0,0.8,19.6,59.0,3.9,125.3,0.64,3.7%,1.04256,19.0,2.8,66.6,30.0,0.5,38.5,335.0,335.0,150.0,450.0,MID,B,45.53,2.61,51.9,12.68,0.34,1.29,2.23,12.23
77,Karthus,the Deathsinger,Mage,Battlemage,2009-12-06,V12.5,3150,790,Mana,576.0,105.0,2361.0,6.0,0.5,14.5,400.0,87.0,1879.0,6.0,0.8,19.6,59.0,3.9,125.3,0.64,3.7%,1.04256,19.0,2.8,66.6,30.0,0.5,38.5,335.0,335.0,150.0,450.0,ADC,C,35.29,-4.4,52.61,23.9,0.69,1.29,2.2,12.23
78,Karthus,the Deathsinger,Mage,Battlemage,2009-12-06,V12.5,3150,790,Mana,576.0,105.0,2361.0,6.0,0.5,14.5,400.0,87.0,1879.0,6.0,0.8,19.6,59.0,3.9,125.3,0.64,3.7%,1.04256,19.0,2.8,66.6,30.0,0.5,38.5,335.0,335.0,150.0,450.0,JUNGLE,D,27.93,-11.63,48.71,53.88,1.42,1.29,2.49,12.23
79,Kassadin,the Void Walker,Slayer,Assassin,2009-07-08,V11.24,3150,790,Mana,602.0,94.0,2200.0,7.5,0.7,19.4,0.0,0.0,0.0,0.0,0.0,0.0,58.0,3.2,112.4,0.658,2.74%,0.9644964,28.0,3.5,87.5,32.0,1.25,53.25,335.0,335.0,125.0,150.0,MID,S,62.01,7.71,52.61,96.64,6.69,11.02,2.56,12.23
80,Katarina,the Sinister Blade,Slayer,Assassin,2009-09-19,V11.10,3150,790,,600.0,85.0,2045.0,5.0,0.5,13.5,330.0,50.0,1180.0,8.0,0.8,21.6,50.0,2.5,92.5,0.625,1.5%,0.784375,26.0,3.0,77.0,26.0,0.5,34.5,335.0,335.0,175.0,125.0,MID,S,58.91,-1.25,48.99,93.19,8.74,9.61,2.25,12.23
81,Kayle,the Righteous,Specialist,Specialist,2009-02-21,V11.24,450,260,Mana,585.0,85.0,2030.0,8.0,0.75,20.75,410.0,50.0,1260.0,11.5,0.95,27.65,68.0,3.3,124.1,0.669,2.7%,0.976071,38.0,3.3,94.1,32.0,1.25,53.25,340.0,340.0,175.0,175.0,MID,B,45.36,0.59,51.79,17.08,0.46,0.58,2.18,12.23
82,Kayle,the Righteous,Specialist,Specialist,2009-02-21,V11.24,450,260,Mana,585.0,85.0,2030.0,8.0,0.75,20.75,410.0,50.0,1260.0,11.5,0.95,27.65,68.0,3.3,124.1,0.669,2.7%,0.976071,38.0,3.3,94.1,32.0,1.25,53.25,340.0,340.0,175.0,175.0,TOP,B,44.33,-1.85,49.78,77.88,2.56,0.58,1.76,12.23
83,Kayn,the Shadow Reaper,Slayer,Skirmisher,2017-12-07,V11.23,6300,975,Mana,541.0,84.0,1969.0,5.5,0.65,16.55,200.0,0.0,200.0,50.0,0.0,50.0,48.0,3.75,111.75,0.625,3.4%,0.98625,29.0,3.75,92.75,30.0,0.5,38.5,335.0,335.0,550.0,175.0,JUNGLE,God,77.24,0.74,49.11,95.9,8.67,7.9,2.44,12.23
84,Kennen,the Heart of the Tempest,Specialist,Specialist,2010-08-04,V12.5,4800,880,Energy,573.0,85.0,2018.0,7.5,0.75,20.25,327.0,40.0,1007.0,7.59,0.5,16.09,63.0,3.1,115.7,0.668,2.7%,0.974612,36.0,3.0,87.0,32.0,1.25,53.25,350.0,350.0,125.0,550.0,MID,B,44.54,0.75,51.16,17.46,0.27,0.34,2.29,12.23
85,Kennen,the Heart of the Tempest,Specialist,Specialist,2010-08-04,V12.5,4800,880,Energy,573.0,85.0,2018.0,7.5,0.75,20.25,327.0,40.0,1007.0,7.59,0.5,16.09,63.0,3.1,115.7,0.668,2.7%,0.974612,36.0,3.0,87.0,32.0,1.25,53.25,350.0,350.0,125.0,550.0,TOP,C,35.01,-2.26,47.73,73.87,1.15,0.39,1.92,12.23
86,Kindred,The Eternal Hunters,Marksman,Marksman,2015-10-14,V12.1,6300,975,Mana,340.0,70.0,1530.0,6.0,0.75,18.75,100.0,0.0,100.0,0.0,0.0,0.0,65.0,3.5,124.5,0.625,3.5%,0.996875,35.0,4.0,103.0,28.0,1.25,49.25,285.0,285.0,250.0,500.0,JUNGLE,S,63.54,11.57,50.8,94.41,6.12,6.54,2.27,12.23
87,Kled,the Cantankerous Cavalier,Slayer,Skirmisher,2016-10-08,V12.3,6300,975,Courage,740.0,130.0,2950.0,6.0,0.75,18.75,100.0,0.0,100.0,0.0,0.0,0.0,65.0,3.5,124.5,0.625,3.5%,0.996875,35.0,4.0,103.0,28.0,1.25,49.25,345.0,345.0,125.0,250.0,MID,A,51.5,-0.95,54.96,11.58,0.24,0.92,2.55,12.23
88,Kled,the Cantankerous Cavalier,Slayer,Skirmisher,2016-10-08,V12.3,6300,975,Courage,740.0,130.0,2950.0,6.0,0.75,18.75,100.0,0.0,100.0,0.0,0.0,0.0,65.0,3.5,124.5,0.625,3.5%,0.996875,35.0,4.0,103.0,28.0,1.25,49.25,345.0,345.0,125.0,250.0,TOP,B,47.24,-2.34,51.28,84.36,1.82,0.92,2.26,12.23
89,LeBlanc,the Deceiver,Mage,Burst,2010-02-11,V12.3,3150,790,Mana,575.0,85.0,2020.0,7.5,0.7,19.4,200.0,0.0,200.0,50.0,0.0,50.0,68.0,3.7,130.9,0.651,"3,00%",0.98301,36.0,3.7,98.9,32.0,1.25,53.25,345.0,345.0,125.0,525.0,MID,B,47.02,0.37,47.8,89.08,3.25,4.61,2.67,12.23
90,Lee Sin,the Blind Monk,Fighter,Diver,2011-01-04,V11.23,4800,880,Energy,576.0,87.0,2055.0,8.5,0.85,22.95,302.0,40.0,982.0,6.0,0.8,19.6,60.0,3.0,111.0,0.625,2.9%,0.933125,47.0,3.6,108.2,32.0,1.25,53.25,335.0,335.0,125.0,125.0,JUNGLE,God,72.89,7.03,46.57,85.81,9.16,4.22,2.61,12.23
91,Leona,the Radiant Dawn,Tank,Vanguard,2011-07-13,V11.17,4800,880,Mana,580.0,90.0,2110.0,2.5,0.55,11.85,410.0,50.0,1260.0,11.5,0.95,27.65,61.0,3.1,113.7,0.625,2.7%,0.911875,22.0,4.0,90.0,32.0,0.75,44.75,330.0,330.0,325.0,125.0,SUPPORT,A,55.21,0.81,50.72,97.81,4.9,5.45,2.35,12.23
92,Lillia,the Bashful Bloom,Slayer,Skirmisher,2020-07-22,V12.3,6300,975,Mana,550.0,90.0,2080.0,7.0,0.55,16.35,475.0,30.0,985.0,8.0,0.4,14.8,55.0,2.7,100.9,0.656,1.36%,0.8076672,22.0,3.7,84.9,30.0,0.5,38.5,325.0,325.0,550.0,325.0,JUNGLE,S,60.3,-4.09,51.57,82.17,4.85,4.94,2.95,12.23
93,Lillia,the Bashful Bloom,Slayer,Skirmisher,2020-07-22,V12.3,6300,975,Mana,550.0,90.0,2080.0,7.0,0.55,16.35,475.0,30.0,985.0,8.0,0.4,14.8,55.0,2.7,100.9,0.656,1.36%,0.8076672,22.0,3.7,84.9,30.0,0.5,38.5,325.0,325.0,550.0,325.0,TOP,C,40.24,-9.58,50.68,13.73,0.84,4.94,2.0,12.23
94,Lissandra,the Ice Witch,Mage,Burst,2013-04-30,V11.17,4800,880,Mana,571.0,86.0,2033.0,3.75,0.65,14.8,348.88,38.0,994.88,8.18,0.7,20.08,62.0,2.9,111.3,0.638,3.3%,0.995918,28.0,3.0,79.0,30.0,0.5,38.5,335.0,335.0,500.0,550.0,MID,B,45.31,2.03,49.44,89.27,2.03,0.77,2.3,12.23
95,Lucian,the Purifier,Marksman,Marksman,2013-08-22,V12.5,4800,880,Mana,525.0,74.0,1783.0,6.0,0.6,16.2,350.0,55.0,1285.0,11.0,0.6,21.2,47.0,2.6,91.2,0.625,2.25%,0.8640625,29.0,3.7,91.9,30.0,0.5,38.5,330.0,330.0,550.0,500.0,ADC,A,56.83,-5.26,50.17,92.41,9.75,4.37,2.26,12.23
96,Lulu,the Fae Sorceress,Controller,Enchanter,2012-03-20,V12.2,4800,880,Mana,490.0,85.0,1935.0,5.5,0.55,14.85,480.0,23.5,879.5,8.0,0.8,21.6,54.0,3.3,110.1,0.669,"2,00%",0.89646,19.0,4.0,87.0,30.0,0.5,38.5,330.0,330.0,550.0,550.0,SUPPORT,God,73.56,3.91,50.83,95.69,8.63,10.44,2.93,12.23
97,Lux,the Lady of Luminosity,Mage,Burst,2010-10-19,V11.24,3150,790,Mana,574.0,90.0,2104.0,7.0,0.55,16.35,280.0,60.0,1300.0,7.32,0.55,16.67,62.0,4.0,130.0,0.736,3.4%,1.161408,37.0,3.75,100.75,28.0,1.25,49.25,335.0,335.0,125.0,550.0,SUPPORT,God,92.75,9.39,50.79,69.71,14.03,10.37,2.48,12.23
98,Lux,the Lady of Luminosity,Mage,Burst,2010-10-19,V11.24,3150,790,Mana,574.0,90.0,2104.0,7.0,0.55,16.35,280.0,60.0,1300.0,7.32,0.55,16.67,62.0,4.0,130.0,0.736,3.4%,1.161408,37.0,3.75,100.75,28.0,1.25,49.25,335.0,335.0,125.0,550.0,MID,S,58.52,2.19,51.54,26.69,5.37,10.37,2.83,12.23
99,Malphite,Shard of the Monolith,Tank,Vanguard,2009-02-09,V11.12,1350,585,Mana,510.0,87.0,1989.0,6.0,0.6,16.2,375.0,27.5,842.5,8.0,0.8,21.6,55.0,3.0,106.0,0.625,1.5%,0.784375,18.0,3.5,77.5,30.0,0.5,38.5,335.0,335.0,500.0,125.0,TOP,A,49.12,6.8,49.65,61.57,2.79,1.85,2.37,12.23
100,Malphite,Shard of the Monolith,Tank,Vanguard,2009-02-09,V11.12,1350,585,Mana,510.0,87.0,1989.0,6.0,0.6,16.2,375.0,27.5,842.5,8.0,0.8,21.6,55.0,3.0,106.0,0.625,1.5%,0.784375,18.0,3.5,77.5,30.0,0.5,38.5,335.0,335.0,500.0,125.0,MID,B,46.96,3.64,51.46,17.06,0.75,1.85,2.52,12.23
101,Malphite,Shard of the Monolith,Tank,Vanguard,2009-02-09,V11.12,1350,585,Mana,510.0,87.0,1989.0,6.0,0.6,16.2,375.0,27.5,842.5,8.0,0.8,21.6,55.0,3.0,106.0,0.625,1.5%,0.784375,18.0,3.5,77.5,30.0,0.5,38.5,335.0,335.0,500.0,125.0,SUPPORT,D,26.66,-0.21,44.91,15.07,0.72,1.85,1.98,12.23
102,Malzahar,the Prophet of the Void,Mage,Battlemage,2010-01-06,V11.24,4800,880,Mana,565.0,95.0,2180.0,5.0,0.75,17.75,375.0,43.0,1106.0,7.2,0.6,17.4,64.0,3.3,120.1,0.8,2.125%,1.089,39.0,4.0,107.0,32.0,1.25,53.25,335.0,335.0,125.0,500.0,MID,A,53.65,0.9,51.4,88.29,4.87,4.61,2.18,12.23
103,Maokai,the Twisted Treant,Tank,Vanguard,2011-02-16,V11.22,4800,880,Mana,599.0,92.0,2163.0,7.5,0.65,18.55,251.0,42.0,965.0,7.26,0.45,14.91,66.0,3.0,117.0,0.679,"2,00%",0.90986,33.0,3.0,84.0,32.0,1.25,53.25,355.0,355.0,125.0,125.0,SUPPORT,B,47.88,1.74,52.14,47.27,2.2,0.87,2.33,12.23
104,Maokai,the Twisted Treant,Tank,Vanguard,2011-02-16,V11.22,4800,880,Mana,599.0,92.0,2163.0,7.5,0.65,18.55,251.0,42.0,965.0,7.26,0.45,14.91,66.0,3.0,117.0,0.679,"2,00%",0.90986,33.0,3.0,84.0,32.0,1.25,53.25,355.0,355.0,125.0,125.0,JUNGLE,B,47.26,10.74,53.98,39.09,1.72,0.87,3.18,12.23
105,Maokai,the Twisted Treant,Tank,Vanguard,2011-02-16,V11.22,4800,880,Mana,599.0,92.0,2163.0,7.5,0.65,18.55,251.0,42.0,965.0,7.26,0.45,14.91,66.0,3.0,117.0,0.679,"2,00%",0.90986,33.0,3.0,84.0,32.0,1.25,53.25,355.0,355.0,125.0,125.0,TOP,B,41.63,3.39,51.05,12.87,0.6,0.83,2.3,12.23
106,Master Yi,the Wuju Bladesman,Slayer,Skirmisher,2009-02-21,V12.5,450,260,Mana,610.0,108.0,2446.0,4.5,1.75,34.25,100.0,0.0,100.0,0.0,0.0,0.0,65.0,5.5,158.5,0.625,0.5%,0.678125,35.5,5.5,129.0,33.5,4.0,101.5,335.0,335.0,175.0,125.0,JUNGLE,God,88.32,14.13,51.59,91.97,7.98,21.92,2.12,12.23
107,Miss Fortune,the Bounty Hunter,Marksman,Marksman,2010-08-09,V12.5,3150,790,Mana,570.0,93.0,2151.0,3.75,0.65,14.8,300.0,35.0,895.0,8.04,0.65,19.09,52.0,2.7,97.9,0.656,3%,0.99056,28.0,3.0,79.0,30.0,0.5,38.5,325.0,325.0,550.0,550.0,ADC,S,59.76,-3.75,51.11,88.19,10.22,3.78,2.15,12.23
108,Mordekaiser,the Iron Revenant,Fighter,Juggernaut,2010-02-24,V11.19,1350,585,Shield,575.0,90.0,2105.0,5.0,0.75,17.75,0.0,0.0,0.0,0.0,0.0,0.0,61.0,4.0,129.0,0.625,1%,0.73125,37.0,3.0,88.0,32.0,1.25,53.25,335.0,335.0,175.0,175.0,TOP,God,86.1,10.44,51.59,58.9,8.58,20.1,1.94,12.23
109,Mordekaiser,the Iron Revenant,Fighter,Juggernaut,2010-02-24,V11.19,1350,585,Shield,575.0,90.0,2105.0,5.0,0.75,17.75,0.0,0.0,0.0,0.0,0.0,0.0,61.0,4.0,129.0,0.625,1%,0.73125,37.0,3.0,88.0,32.0,1.25,53.25,335.0,335.0,175.0,175.0,JUNGLE,S,63.82,-1.14,52.09,33.88,4.61,20.1,2.55,12.23
110,Morgana,the Fallen,Controllerer,Catcher,2009-02-21,V11.18,1350,585,Mana,560.0,90.0,2090.0,5.5,0.4,12.3,340.0,60.0,1360.0,11.0,0.4,17.8,56.0,3.5,115.5,0.625,1.53%,0.7875625,25.0,3.8,89.6,30.0,0.5,38.5,335.0,335.0,450.0,450.0,SUPPORT,God,80.11,0.07,51.09,88.91,8.04,30.56,2.45,12.23
111,Nami,the Tidecaller,Controller,Enchanter,2012-07-12,V12.4,4800,880,Mana,490.0,74.0,1748.0,5.5,0.55,14.85,365.0,43.0,1096.0,11.5,0.4,18.3,51.0,3.1,103.7,0.644,2.61%,0.9297428,29.0,4.0,97.0,30.0,0.5,38.5,335.0,335.0,550.0,550.0,SUPPORT,God,86.67,-1.62,53.1,99.41,11.32,4.24,3.18,12.23
112,Nasus,the Curator of the Sands,Fighter,Juggernaut,2009-01-10,V12.1,1350,585,Mana,561.0,90.0,2091.0,9.0,0.9,24.3,326.0,62.0,1380.0,7.44,0.5,15.94,67.0,3.5,126.5,0.638,3.48%,1.0154408,34.0,3.5,93.5,32.0,1.25,53.25,350.0,350.0,125.0,125.0,TOP,S,62.75,0.75,52.31,76.99,4.95,4.38,2.04,12.23
113,Nasus,the Curator of the Sands,Fighter,Juggernaut,2009-01-10,V12.1,1350,585,Mana,561.0,90.0,2091.0,9.0,0.9,24.3,326.0,62.0,1380.0,7.44,0.5,15.94,67.0,3.5,126.5,0.638,3.48%,1.0154408,34.0,3.5,93.5,32.0,1.25,53.25,350.0,350.0,125.0,125.0,MID,A,49.3,0.0,53.63,12.63,0.57,4.38,2.37,12.23
114,Nautilus,the Titan of the Depths,Tank,Vanguard,2012-02-14,V11.15,4800,880,Mana,576.0,86.0,2038.0,8.5,0.55,17.85,400.0,47.0,1199.0,8.63,0.5,17.13,61.0,3.3,117.1,0.706,1%,0.82602,39.0,3.75,102.75,32.0,1.25,53.25,325.0,325.0,175.0,175.0,SUPPORT,S,58.82,-0.87,49.77,97.15,6.35,8.32,2.27,12.23
115,Neeko,the Curious Chameleon,Mage,Burst,2018-05-12,V12.4,6300,975,Mana,540.0,90.0,2070.0,7.5,0.75,20.25,450.0,30.0,960.0,7.0,0.7,18.9,48.0,2.5,90.5,0.625,3.5%,0.996875,21.0,4.0,89.0,30.0,0.5,38.5,340.0,340.0,550.0,550.0,MID,B,46.16,-4.06,50.74,51.93,1.63,0.56,2.22,12.23
116,Neeko,the Curious Chameleon,Mage,Burst,2018-05-12,V12.4,6300,975,Mana,540.0,90.0,2070.0,7.5,0.75,20.25,450.0,30.0,960.0,7.0,0.7,18.9,48.0,2.5,90.5,0.625,3.5%,0.996875,21.0,4.0,89.0,30.0,0.5,38.5,340.0,340.0,550.0,550.0,TOP,C,37.49,0.0,50.76,11.57,0.22,0.56,2.01,12.23
117,Neeko,the Curious Chameleon,Mage,Burst,2018-05-12,V12.4,6300,975,Mana,540.0,90.0,2070.0,7.5,0.75,20.25,450.0,30.0,960.0,7.0,0.7,18.9,48.0,2.5,90.5,0.625,3.5%,0.996875,21.0,4.0,89.0,30.0,0.5,38.5,340.0,340.0,550.0,550.0,SUPPORT,C,37.39,-0.23,49.94,28.36,0.81,0.61,2.05,12.23
118,Nidalee,the Bestial Huntress,Specialist,Specialist,2009-12-17,V11.15,3150,790,Mana,570.0,95.0,2185.0,6.0,0.6,16.2,295.0,45.0,1060.0,6.0,0.8,19.6,58.0,3.5,117.5,0.638,3.22%,0.9872412,28.0,3.5,87.5,30.0,0.5,38.5,335.0,335.0,525.0,525.0,JUNGLE,C,32.91,-4.08,47.29,84.13,2.53,0.85,2.76,12.23
119,Nocturne,the Eternal Nightmare,Slayer,Assassin,2011-03-15,V12.2,4800,880,Mana,585.0,95.0,2200.0,7.0,0.75,19.75,275.0,35.0,870.0,7.0,0.45,14.65,62.0,3.1,114.7,0.721,2.7%,1.051939,38.0,3.5,97.5,32.0,0.75,44.75,345.0,345.0,125.0,125.0,JUNGLE,A,51.57,-1.13,52.49,89.46,3.53,1.91,2.64,12.23
120,Nunu,the Boy and His Yeti,Tank,Warden,2009-02-21,V12.4,450,260,Mana,540.0,76.0,1832.0,5.0,0.8,18.6,280.0,42.0,994.0,7.0,0.5,15.5,61.0,3.0,112.0,0.625,2.25%,0.8640625,29.0,3.0,80.0,32.0,1.25,53.25,345.0,345.0,125.0,125.0,JUNGLE,B,41.95,0.84,48.84,86.38,3.44,0.73,2.7,12.23
121,Olaf,the Berserker,Fighter,Diver,2010-09-06,V11.24,3150,790,Mana,575.0,100.0,2275.0,8.5,0.9,23.8,316.0,42.0,1030.0,7.5,0.6,17.7,68.0,3.5,127.5,0.694,2.7%,1.012546,35.0,3.0,86.0,32.0,1.25,53.25,350.0,350.0,125.0,125.0,TOP,A,49.2,1.51,52.4,72.96,2.33,1.6,1.84,12.23
122,Olaf,the Berserker,Fighter,Diver,2010-09-06,V11.24,3150,790,Mana,575.0,100.0,2275.0,8.5,0.9,23.8,316.0,42.0,1030.0,7.5,0.6,17.7,68.0,3.5,127.5,0.694,2.7%,1.012546,35.0,3.0,86.0,32.0,1.25,53.25,350.0,350.0,125.0,125.0,JUNGLE,D,27.28,-8.92,50.84,22.73,0.61,1.6,2.34,12.23
123,Orianna,the Lady of Clockwork,Mage,Burst,2011-01-06,V11.24,4800,880,Mana,530.0,91.0,2077.0,7.0,0.55,16.35,418.0,25.0,843.0,8.0,0.8,21.6,40.0,2.6,84.2,0.658,3.5%,1.04951,17.0,3.0,68.0,26.0,0.5,34.5,325.0,325.0,525.0,525.0,MID,B,45.95,-0.53,49.61,88.98,1.68,0.19,2.54,12.23
124,Ornn,The Fire Below the Mountain,Tank,Vanguard,2017-08-23,V12.5,6300,975,Mana,590.0,95.0,2205.0,9.0,0.9,24.3,340.6,65.0,1445.6,8.01,0.6,18.21,69.0,3.5,128.5,0.625,2%,0.8375,33.0,4.0,101.0,32.0,1.25,53.25,335.0,335.0,175.0,175.0,TOP,A,52.16,-6.14,50.43,88.94,3.32,0.76,2.25,12.23
125,Pantheon,the Unbreakable Spear,Fighter,Diver,2010-02-02,V12.1,3150,790,Mana,580.0,95.0,2195.0,9.0,0.65,20.05,317.12,31.0,844.12,7.36,0.45,15.01,64.0,3.3,120.1,0.644,2.95%,0.966966,40.0,3.75,103.75,28.0,1.25,49.25,345.0,345.0,175.0,175.0,MID,A,50.18,0.0,53.07,25.12,1.56,1.35,2.34,12.23
126,Pantheon,the Unbreakable Spear,Fighter,Diver,2010-02-02,V12.1,3150,790,Mana,580.0,95.0,2195.0,9.0,0.65,20.05,317.12,31.0,844.12,7.36,0.45,15.01,64.0,3.3,120.1,0.644,2.95%,0.966966,40.0,3.75,103.75,28.0,1.25,49.25,345.0,345.0,175.0,175.0,TOP,B,42.15,-1.8,50.33,24.76,1.44,1.35,2.01,12.23
127,Pantheon,the Unbreakable Spear,Fighter,Diver,2010-02-02,V12.1,3150,790,Mana,580.0,95.0,2195.0,9.0,0.65,20.05,317.12,31.0,844.12,7.36,0.45,15.01,64.0,3.3,120.1,0.644,2.95%,0.966966,40.0,3.75,103.75,28.0,1.25,49.25,345.0,345.0,175.0,175.0,SUPPORT,C,39.18,1.58,48.23,38.37,2.49,1.35,1.93,12.23
128,Poppy,Keeper of the Hammer,Tank,Warden,2010-01-13,V11.19,450,260,Mana,540.0,90.0,2070.0,8.0,0.8,21.6,280.0,40.0,960.0,7.0,0.7,18.9,64.0,4.0,132.0,0.625,2.5%,0.890625,38.0,3.5,97.5,32.0,1.25,53.25,345.0,345.0,125.0,125.0,TOP,B,41.94,3.03,51.38,34.84,0.79,0.64,2.11,12.23
129,Poppy,Keeper of the Hammer,Tank,Warden,2010-01-13,V11.19,450,260,Mana,540.0,90.0,2070.0,8.0,0.8,21.6,280.0,40.0,960.0,7.0,0.7,18.9,64.0,4.0,132.0,0.625,2.5%,0.890625,38.0,3.5,97.5,32.0,1.25,53.25,345.0,345.0,125.0,125.0,SUPPORT,C,32.78,0.43,48.44,11.08,0.24,0.63,2.12,12.23
130,Poppy,Keeper of the Hammer,Tank,Warden,2010-01-13,V11.19,450,260,Mana,540.0,90.0,2070.0,8.0,0.8,21.6,280.0,40.0,960.0,7.0,0.7,18.9,64.0,4.0,132.0,0.625,2.5%,0.890625,38.0,3.5,97.5,32.0,1.25,53.25,345.0,345.0,125.0,125.0,JUNGLE,D,27.68,-9.85,48.63,51.75,1.28,0.64,2.63,12.23
131,Pyke,the Bloodharbor Ripper,Slayer,Assassin,2018-05-31,V12.4,6300,975,Mana,600.0,90.0,2130.0,7.0,0.5,15.5,415.0,50.0,1265.0,8.0,1.0,25.0,62.0,2.0,96.0,0.667,2.5%,0.950475,45.0,3.5,104.5,32.0,1.25,53.25,330.0,330.0,150.0,150.0,SUPPORT,S,70.23,-1.62,48.87,93.7,9.09,16.61,2.19,12.23
132,Qiyana,Empress of the Elements,Slayer,Assassin,2019-06-28,V12.4,6300,975,Mana,520.0,110.0,2390.0,6.0,0.9,21.3,320.0,50.0,1170.0,8.0,0.7,19.9,66.0,3.1,118.7,0.688,2.1%,0.933616,28.0,3.5,87.5,32.0,1.25,53.25,335.0,335.0,150.0,150.0,MID,B,41.54,-1.16,46.67,79.7,2.96,1.12,2.01,12.23
133,Qiyana,Empress of the Elements,Slayer,Assassin,2019-06-28,V12.4,6300,975,Mana,520.0,110.0,2390.0,6.0,0.9,21.3,320.0,50.0,1170.0,8.0,0.7,19.9,66.0,3.1,118.7,0.688,2.1%,0.933616,28.0,3.5,87.5,32.0,1.25,53.25,335.0,335.0,150.0,150.0,JUNGLE,D,3.49,-18.4,42.06,14.2,0.51,1.12,2.15,12.23
134,Quinn,Demacia's Wings,Specialist,Specialist,2013-01-03,V12.3,4800,880,Mana,533.0,85.0,1978.0,5.5,0.55,14.85,269.0,35.0,864.0,6.97,0.4,13.77,59.0,2.4,99.8,0.668,3.1%,1.020036,28.0,3.5,87.5,30.0,0.5,38.5,335.0,335.0,525.0,525.0,MID,A,49.27,7.63,54.28,12.43,0.18,0.63,2.31,12.23
135,Quinn,Demacia's Wings,Specialist,Specialist,2013-01-03,V12.3,4800,880,Mana,533.0,85.0,1978.0,5.5,0.55,14.85,269.0,35.0,864.0,6.97,0.4,13.77,59.0,2.4,99.8,0.668,3.1%,1.020036,28.0,3.5,87.5,30.0,0.5,38.5,335.0,335.0,525.0,525.0,TOP,B,43.75,5.08,51.78,71.12,1.22,0.63,1.97,12.23
136,Quinn,Demacia's Wings,Specialist,Specialist,2013-01-03,V12.3,4800,880,Mana,533.0,85.0,1978.0,5.5,0.55,14.85,269.0,35.0,864.0,6.97,0.4,13.77,59.0,2.4,99.8,0.668,3.1%,1.020036,28.0,3.5,87.5,30.0,0.5,38.5,335.0,335.0,525.0,525.0,ADC,D,26.41,0.61,49.96,10.53,0.18,0.67,2.05,12.23
137,Rakan,The Charmer,Controllerer,Catcher,2017-04-19,V11.8,6300,975,Mana,540.0,85.0,1985.0,5.0,0.5,13.5,315.0,50.0,1165.0,8.75,0.5,17.25,62.0,3.5,121.5,0.635,3%,0.95885,32.0,3.9,98.3,32.0,1.25,53.25,335.0,335.0,300.0,300.0,SUPPORT,A,51.87,-2.01,51.06,97.54,3.35,0.25,2.83,12.23
138,Rammus,the Armordillo,Tank,Vanguard,2009-10-07,V11.13,1350,585,Mana,564.0,80.0,1924.0,8.0,0.55,17.35,310.0,33.0,871.0,7.84,0.5,16.34,56.0,3.5,115.5,0.656,2.215%,0.9030168,36.0,4.3,109.1,32.0,1.25,53.25,335.0,335.0,125.0,125.0,JUNGLE,God,78.11,22.0,54.18,89.61,5.53,16.92,3.21,12.23
139,Rell,the Iron Maiden,Tank,Vanguard,2020-10-12,V11.15,6300,975,Mana,540.0,90.0,2070.0,7.0,0.55,16.35,350.0,45.0,1115.0,6.0,0.35,11.95,55.0,3.0,106.0,0.55,2%,0.737,32.0,3.0,83.0,32.1,1.25,53.35,335.0,335.0,175.0,175.0,SUPPORT,B,47.98,0.06,52.25,97.98,1.86,0.4,2.56,12.23
140,Renata Glasc,the Chem-Baroness,Support,Enchanter,2022-02-17,V12.5,6300,975,Mana,525.0,80.0,1885.0,5.5,0.55,14.85,350.0,50.0,1200.0,11.5,0.5,20.0,51.0,3.0,102.0,0.625,2.11%,0.8491875,29.0,3.5,88.5,30.0,0.5,38.5,330.0,330.0,550.0,550.0,SUPPORT,A,55.57,-4.07,51.53,98.42,4.26,2.72,2.66,12.23
141,Renekton,the Butcher of the Sands,Fighter,Diver,2011-01-18,V11.22,4800,880,Fury,590.0,92.0,2154.0,8.0,0.75,20.75,100.0,0.0,100.0,0.0,0.0,0.0,69.0,3.75,132.75,0.665,2.75%,0.9758875,35.0,4.0,103.0,32.0,1.25,53.25,345.0,345.0,125.0,125.0,TOP,A,48.62,-1.63,49.06,80.56,3.74,2.49,1.78,12.23
142,Renekton,the Butcher of the Sands,Fighter,Diver,2011-01-18,V11.22,4800,880,Fury,590.0,92.0,2154.0,8.0,0.75,20.75,100.0,0.0,100.0,0.0,0.0,0.0,69.0,3.75,132.75,0.665,2.75%,0.9758875,35.0,4.0,103.0,32.0,1.25,53.25,345.0,345.0,125.0,125.0,MID,B,43.55,-1.27,50.75,16.88,0.74,2.49,2.0,12.23
143,Rengar,the Pridestalker,Slayer,Assassin,2012-08-21,V12.2,4800,880,Ferocity,585.0,90.0,2115.0,7.0,0.5,15.5,4.0,0.0,4.0,0.0,0.0,0.0,68.0,3.0,119.0,0.667,3%,1.00717,34.0,3.0,85.0,32.0,1.25,53.25,345.0,345.0,125.0,125.0,JUNGLE,B,43.51,-5.32,47.94,76.5,4.17,5.96,2.33,12.23
144,Rengar,the Pridestalker,Slayer,Assassin,2012-08-21,V12.2,4800,880,Ferocity,585.0,90.0,2115.0,7.0,0.5,15.5,4.0,0.0,4.0,0.0,0.0,0.0,68.0,3.0,119.0,0.667,3%,1.00717,34.0,3.0,85.0,32.0,1.25,53.25,345.0,345.0,125.0,125.0,TOP,C,36.98,-5.5,48.8,18.32,1.11,5.96,1.87,12.23
145,Riven,the Exile,Slayer,Skirmisher,2011-09-14,V11.22,4800,880,,560.0,86.0,2022.0,8.5,0.5,17.0,0.0,0.0,0.0,0.0,0.0,0.0,64.0,3.0,115.0,0.625,3.5%,0.996875,33.0,3.2,87.4,32.0,1.25,53.25,340.0,340.0,125.0,125.0,TOP,A,51.2,-4.75,48.66,86.51,4.47,1.49,1.83,12.23
146,Rumble,the Mechanized Menace,Mage,Battlemage,2011-04-26,V12.5,4800,880,Heat,589.0,85.0,2034.0,8.0,0.6,18.2,100.0,0.0,100.0,0.0,0.0,0.0,61.0,3.2,115.4,0.644,1.85%,0.846538,36.0,3.5,95.5,28.0,0.75,40.75,345.0,345.0,125.0,125.0,MID,B,44.63,-0.63,50.02,45.25,1.08,0.47,2.36,12.23
147,Rumble,the Mechanized Menace,Mage,Battlemage,2011-04-26,V12.5,4800,880,Heat,589.0,85.0,2034.0,8.0,0.6,18.2,100.0,0.0,100.0,0.0,0.0,0.0,61.0,3.2,115.4,0.644,1.85%,0.846538,36.0,3.5,95.5,28.0,0.75,40.75,345.0,345.0,125.0,125.0,TOP,D,32.36,-4.28,46.56,38.76,0.91,0.47,2.04,12.23
148,Rumble,the Mechanized Menace,Mage,Battlemage,2011-04-26,V12.5,4800,880,Heat,589.0,85.0,2034.0,8.0,0.6,18.2,100.0,0.0,100.0,0.0,0.0,0.0,61.0,3.2,115.4,0.644,1.85%,0.846538,36.0,3.5,95.5,28.0,0.75,40.75,345.0,345.0,125.0,125.0,JUNGLE,D,16.11,-12.81,46.55,12.06,0.28,0.47,2.6,12.23
149,Ryze,the Rune Mage,Mage,Battlemage,2009-02-21,V12.5,450,260,Mana,575.0,110.0,2445.0,8.0,0.8,21.6,300.0,70.0,1490.0,8.0,1.0,25.0,58.0,3.0,109.0,0.625,2.112%,0.8494,22.0,3.0,73.0,36.0,0.5,44.5,340.0,340.0,550.0,550.0,MID,B,40.93,-5.8,46.23,82.74,2.83,0.27,2.09,12.23
150,Ryze,the Rune Mage,Mage,Battlemage,2009-02-21,V12.5,450,260,Mana,575.0,110.0,2445.0,8.0,0.8,21.6,300.0,70.0,1490.0,8.0,1.0,25.0,58.0,3.0,109.0,0.625,2.112%,0.8494,22.0,3.0,73.0,36.0,0.5,44.5,340.0,340.0,550.0,550.0,TOP,D,30.34,0.61,47.26,13.42,0.46,0.27,1.82,12.23
151,Samira,the Desert Rose,Marksman,Marksman,2020-09-21,V12.5,6300,975,Mana,530.0,94.0,2128.0,3.25,0.55,12.6,348.88,38.0,994.88,8.18,0.7,20.08,57.0,3.0,108.0,0.658,3.3%,1.027138,26.0,3.5,85.5,30.0,0.5,38.5,335.0,335.0,500.0,500.0,ADC,S,69.72,3.59,52.2,96.94,10.16,22.06,2.28,12.23
152,Sejuani,Fury of the North,Tank,Vanguard,2012-01-17,V11.19,4800,880,Mana,560.0,100.0,2260.0,8.5,1.0,25.5,400.0,40.0,1080.0,7.0,0.7,18.9,66.0,4.0,134.0,0.688,3.5%,1.09736,34.0,4.25,106.25,32.0,1.25,53.25,340.0,340.0,150.0,150.0,JUNGLE,A,50.79,-4.94,50.96,74.54,3.46,1.17,3.23,12.23
153,Sejuani,Fury of the North,Tank,Vanguard,2012-01-17,V11.19,4800,880,Mana,560.0,100.0,2260.0,8.5,1.0,25.5,400.0,40.0,1080.0,7.0,0.7,18.9,66.0,4.0,134.0,0.688,3.5%,1.09736,34.0,4.25,106.25,32.0,1.25,53.25,340.0,340.0,150.0,150.0,TOP,C,40.08,-2.6,49.73,18.11,0.74,1.17,2.37,12.23
154,Senna,the Redeemer,Marksman,Marksman,2019-10-11,V12.4,6300,975,Mana,520.0,75.0,1795.0,3.5,0.55,12.85,350.0,45.0,1115.0,11.5,0.4,18.3,50.0,0.0,50.0,0.625,4%,1.05,28.0,3.5,87.5,30.0,0.5,38.5,330.0,330.0,600.0,600.0,SUPPORT,A,56.09,-2.94,48.84,91.0,6.29,2.48,2.43,12.23
155,Sett,the Boss,Fighter,Juggernaut,2020-01-14,V12.5,6300,975,Grit,600.0,100.0,2300.0,7.0,0.5,15.5,0.0,0.0,0.0,0.0,0.0,0.0,60.0,4.0,128.0,0.625,1.75%,0.8109375,33.0,4.0,101.0,32.0,1.25,53.25,340.0,340.0,125.0,125.0,TOP,S,72.68,-2.25,50.26,78.77,8.18,5.92,1.77,12.23
156,Shaco,the Demon Jester,Slayer,Assassin,2009-10-10,V12.1,3150,790,Mana,560.0,89.0,2073.0,8.5,0.55,17.85,297.0,40.0,977.0,7.16,0.45,14.81,63.0,3.0,114.0,0.694,3%,1.04794,30.0,3.5,89.5,32.0,1.25,53.25,345.0,345.0,125.0,125.0,JUNGLE,S,68.89,12.68,48.55,77.12,6.65,15.43,2.69,12.23
157,Shaco,the Demon Jester,Slayer,Assassin,2009-10-10,V12.1,3150,790,Mana,560.0,89.0,2073.0,8.5,0.55,17.85,297.0,40.0,977.0,7.16,0.45,14.81,63.0,3.0,114.0,0.694,3%,1.04794,30.0,3.5,89.5,32.0,1.25,53.25,345.0,345.0,125.0,125.0,SUPPORT,B,43.1,3.38,51.0,14.83,1.29,15.43,2.28,12.23
158,Shen,the Eye of Twilight,Tank,Warden,2010-03-24,V12.2,3150,790,Energy,540.0,85.0,1985.0,8.5,0.75,21.25,400.0,0.0,400.0,50.0,0.0,50.0,60.0,3.0,111.0,0.751,3%,1.13401,34.0,3.0,85.0,32.0,1.25,53.25,340.0,340.0,125.0,125.0,TOP,S,61.22,-7.37,51.8,80.93,3.79,0.8,2.92,12.23
159,Shen,the Eye of Twilight,Tank,Warden,2010-03-24,V12.2,3150,790,Energy,540.0,85.0,1985.0,8.5,0.75,21.25,400.0,0.0,400.0,50.0,0.0,50.0,60.0,3.0,111.0,0.751,3%,1.13401,34.0,3.0,85.0,32.0,1.25,53.25,340.0,340.0,125.0,125.0,SUPPORT,C,33.76,0.45,47.55,10.97,0.51,0.79,2.53,12.23
160,Shyvana,the Half-Dragon,Fighter,Juggernaut,2011-01-11,V11.21,3150,790,Fury,595.0,95.0,2210.0,8.5,0.8,22.1,100.0,0.0,100.0,0.0,0.0,0.0,66.0,3.4,123.8,0.658,2.5%,0.93765,38.0,3.35,94.95,32.0,1.25,53.25,350.0,350.0,125.0,125.0,JUNGLE,C,40.12,-17.14,52.06,81.05,1.9,0.67,2.64,12.23
161,Shyvana,the Half-Dragon,Fighter,Juggernaut,2011-01-11,V11.21,3150,790,Fury,595.0,95.0,2210.0,8.5,0.8,22.1,100.0,0.0,100.0,0.0,0.0,0.0,66.0,3.4,123.8,0.658,2.5%,0.93765,38.0,3.35,94.95,32.0,1.25,53.25,350.0,350.0,125.0,125.0,TOP,D,32.09,-4.02,48.15,11.84,0.27,0.7,1.94,12.23
162,Singed,the Mad Chemist,Specialist,Specialist,2009-04-18,V11.21,450,260,Mana,580.0,85.0,2025.0,9.5,0.55,18.85,330.0,45.0,1095.0,7.5,0.55,16.85,63.0,3.38,120.46,0.613,1.9%,0.810999,34.0,3.5,93.5,32.0,1.25,53.25,345.0,345.0,125.0,125.0,MID,S,58.63,5.87,58.11,17.33,0.43,0.55,2.98,12.23
163,Singed,the Mad Chemist,Specialist,Specialist,2009-04-18,V11.21,450,260,Mana,580.0,85.0,2025.0,9.5,0.55,18.85,330.0,45.0,1095.0,7.5,0.55,16.85,63.0,3.38,120.46,0.613,1.9%,0.810999,34.0,3.5,93.5,32.0,1.25,53.25,345.0,345.0,125.0,125.0,TOP,B,47.66,-1.3,52.02,66.45,1.92,0.55,2.02,12.23
164,Sion,The Undead Juggernaut,Tank,Vanguard,2009-02-21,V11.21,1350,585,Mana,545.0,73.0,1786.0,7.5,0.8,21.1,330.0,42.0,1044.0,8.0,0.6,18.2,68.0,4.0,136.0,0.679,1.3%,0.829059,32.0,3.0,83.0,32.0,1.25,53.25,345.0,345.0,175.0,175.0,TOP,B,45.0,-4.11,48.0,77.09,3.84,1.13,1.52,12.23
165,Sivir,the Battle Mistress,Marksman,Marksman,2009-02-21,V11.16,450,260,Mana,562.0,90.0,2092.0,3.25,0.55,12.6,325.0,50.0,1175.0,8.0,0.9,23.3,63.0,3.0,114.0,0.625,1.6%,0.795,26.0,3.25,81.25,30.0,0.5,38.5,335.0,335.0,500.0,500.0,ADC,C,36.62,-4.79,49.45,97.21,3.54,0.92,2.3,12.23
166,Skarner,the Crystal Vanguard,Fighter,Diver,2011-09-08,V12.3,4800,880,Mana,580.0,85.0,2025.0,9.0,0.85,23.45,320.0,60.0,1340.0,7.2,0.45,14.85,65.0,4.5,141.5,0.625,2.1%,0.848125,38.0,3.8,102.6,32.0,1.25,53.25,335.0,335.0,125.0,125.0,TOP,C,37.75,2.65,50.23,15.81,0.15,0.16,2.26,12.23
167,Skarner,the Crystal Vanguard,Fighter,Diver,2011-09-08,V12.3,4800,880,Mana,580.0,85.0,2025.0,9.0,0.85,23.45,320.0,60.0,1340.0,7.2,0.45,14.85,65.0,4.5,141.5,0.625,2.1%,0.848125,38.0,3.8,102.6,32.0,1.25,53.25,335.0,335.0,125.0,125.0,JUNGLE,C,34.76,-7.23,52.0,78.61,0.85,0.17,2.84,12.23
168,Sona,Maven of the Strings,Controller,Enchanter,2010-09-21,V12.5,3150,790,Mana,480.0,77.0,1789.0,5.5,0.55,14.85,340.0,45.0,1105.0,11.5,0.4,18.3,49.0,3.0,100.0,0.644,2.3%,0.895804,26.0,3.0,77.0,30.0,0.5,38.5,325.0,325.0,550.0,550.0,SUPPORT,A,56.87,0.94,52.72,96.81,3.78,0.29,2.87,12.23
169,Soraka,the Starchild,Controller,Enchanter,2009-02-21,V11.19,450,260,Mana,535.0,74.0,1793.0,2.5,0.5,11.0,425.0,40.0,1105.0,11.5,0.4,18.3,50.0,3.0,101.0,0.625,2.14%,0.852375,32.0,3.8,96.6,30.0,0.5,38.5,325.0,325.0,550.0,550.0,SUPPORT,S,64.53,-0.15,51.99,95.2,6.49,3.31,2.69,12.23
170,Swain,the Noxian Grand General,Mage,Battlemage,2010-05-10,V11.24,4800,880,Mana,525.0,85.0,1970.0,7.0,0.65,18.05,468.0,28.5,952.5,8.0,0.8,21.6,58.0,2.7,103.9,0.625,2.11%,0.8491875,23.0,4.0,91.0,30.0,0.5,38.5,325.0,325.0,525.0,525.0,SUPPORT,A,55.21,0.44,50.44,55.14,4.96,5.01,2.42,12.23
171,Swain,the Noxian Grand General,Mage,Battlemage,2010-05-10,V11.24,4800,880,Mana,525.0,85.0,1970.0,7.0,0.65,18.05,468.0,28.5,952.5,8.0,0.8,21.6,58.0,2.7,103.9,0.625,2.11%,0.8491875,23.0,4.0,91.0,30.0,0.5,38.5,325.0,325.0,525.0,525.0,MID,A,53.43,-0.21,53.41,29.27,2.27,5.01,2.6,12.23
172,Sylas,the Unshackled,Mage,Burst,2019-01-25,V12.1,6300,975,Mana,525.0,115.0,2480.0,9.0,0.9,24.3,310.0,70.0,1500.0,8.0,0.8,21.6,61.0,3.0,112.0,0.645,3.5%,1.028775,27.0,4.0,95.0,32.0,1.75,61.75,340.0,340.0,175.0,175.0,JUNGLE,God,91.1,42.96,49.8,48.19,9.17,17.41,2.52,12.23
173,Sylas,the Unshackled,Mage,Burst,2019-01-25,V12.1,6300,975,Mana,525.0,115.0,2480.0,9.0,0.9,24.3,310.0,70.0,1500.0,8.0,0.8,21.6,61.0,3.0,112.0,0.645,3.5%,1.028775,27.0,4.0,95.0,32.0,1.75,61.75,340.0,340.0,175.0,175.0,MID,S,61.27,-6.41,50.12,44.63,8.48,17.41,2.11,12.23
174,Syndra,the Dark Sovereign,Mage,Burst,2012-09-13,V11.21,4800,880,Mana,523.0,90.0,2053.0,6.5,0.6,16.7,480.0,40.0,1160.0,8.0,0.8,21.6,54.0,2.9,103.3,0.625,2%,0.8375,25.0,3.4,82.8,30.0,0.5,38.5,330.0,330.0,550.0,550.0,MID,A,53.49,-13.5,49.51,87.63,6.11,6.51,2.18,12.23
175,Tahm Kench,the River King,Tank,Warden,2015-09-07,V12.4,6300,975,Mana,570.0,95.0,2185.0,6.5,0.55,15.85,325.0,50.0,1175.0,8.0,1.0,25.0,56.0,3.2,110.4,0.658,2.5%,0.93765,42.0,3.5,101.5,32.0,1.25,53.25,335.0,335.0,175.0,175.0,TOP,B,41.74,1.14,47.44,60.39,2.37,1.17,2.22,12.23
176,Tahm Kench,the River King,Tank,Warden,2015-09-07,V12.4,6300,975,Mana,570.0,95.0,2185.0,6.5,0.55,15.85,325.0,50.0,1175.0,8.0,1.0,25.0,56.0,3.2,110.4,0.658,2.5%,0.93765,42.0,3.5,101.5,32.0,1.25,53.25,335.0,335.0,175.0,175.0,SUPPORT,C,37.08,6.29,49.1,26.51,0.89,1.17,2.29,12.23
177,Taliyah,the Stoneweaver,Mage,Battlemage,2016-05-18,V11.24,6300,975,Mana,532.0,90.0,2062.0,7.0,0.7,18.9,425.0,30.0,935.0,9.34,0.85,23.79,58.0,3.3,114.1,0.625,1.36%,0.7695,20.0,3.5,79.5,30.0,0.5,38.5,335.0,335.0,525.0,525.0,MID,B,44.03,-0.14,50.16,46.52,0.98,0.34,2.22,12.23
178,Taliyah,the Stoneweaver,Mage,Battlemage,2016-05-18,V11.24,6300,975,Mana,532.0,90.0,2062.0,7.0,0.7,18.9,425.0,30.0,935.0,9.34,0.85,23.79,58.0,3.3,114.1,0.625,1.36%,0.7695,20.0,3.5,79.5,30.0,0.5,38.5,335.0,335.0,525.0,525.0,SUPPORT,D,31.9,-6.55,48.25,11.67,0.24,0.33,2.02,12.23
179,Taliyah,the Stoneweaver,Mage,Battlemage,2016-05-18,V11.24,6300,975,Mana,532.0,90.0,2062.0,7.0,0.7,18.9,425.0,30.0,935.0,9.34,0.85,23.79,58.0,3.3,114.1,0.625,1.36%,0.7695,20.0,3.5,79.5,30.0,0.5,38.5,335.0,335.0,525.0,525.0,JUNGLE,D,23.85,-11.8,48.5,37.63,0.82,0.34,2.52,12.23
180,Talon,the Blade's Shadow,Slayer,Assassin,2011-08-24,V12.3,4800,880,Mana,588.0,95.0,2203.0,8.5,0.75,21.25,377.2,37.0,1006.2,7.6,0.8,21.2,68.0,3.1,120.7,0.625,2.9%,0.933125,30.0,3.5,89.5,39.0,1.25,60.25,335.0,335.0,125.0,125.0,MID,B,47.97,0.11,49.84,70.37,3.43,1.15,2.15,12.23
181,Talon,the Blade's Shadow,Slayer,Assassin,2011-08-24,V12.3,4800,880,Mana,588.0,95.0,2203.0,8.5,0.75,21.25,377.2,37.0,1006.2,7.6,0.8,21.2,68.0,3.1,120.7,0.625,2.9%,0.933125,30.0,3.5,89.5,39.0,1.25,60.25,335.0,335.0,125.0,125.0,JUNGLE,D,25.55,-9.8,48.12,26.01,1.31,1.15,2.46,12.23
182,Taric,the Shield of Valoran,Controller,Enchanter,2009-08-19,V11.14,1350,585,Mana,575.0,85.0,2020.0,6.0,0.5,14.5,300.0,60.0,1320.0,8.5,0.8,22.1,55.0,3.5,114.5,0.625,2%,0.8375,40.0,3.4,97.8,32.0,1.25,53.25,340.0,340.0,150.0,150.0,SUPPORT,B,44.93,-3.6,50.83,82.68,1.75,0.36,2.61,12.23
183,Teemo,the Swift Scout,Specialist,Specialist,2009-02-21,V11.21,1350,585,Mana,528.0,90.0,2058.0,5.5,0.65,16.55,334.0,20.0,674.0,9.6,0.45,17.25,54.0,3.0,105.0,0.69,3.38%,1.086474,24.0,3.75,87.75,30.0,0.5,38.5,330.0,330.0,500.0,500.0,TOP,S,59.87,-1.34,50.5,71.1,5.19,8.22,1.75,12.23
184,Thresh,the Chain Warden,Controllerer,Catcher,2013-01-23,V11.20,4800,880,Mana,530.0,95.0,2145.0,7.0,0.55,16.35,274.0,44.0,1022.0,6.0,0.8,19.6,56.0,2.2,93.4,0.625,3.5%,0.996875,28.0,0.0,28.0,30.0,0.5,38.5,330.0,330.0,450.0,450.0,SUPPORT,S,66.85,-1.49,48.98,97.33,9.2,2.26,2.52,12.23
185,Tristana,the Yordle Gunner,Marksman,Marksman,2009-02-21,V12.2,1350,585,Mana,600.0,88.0,2096.0,4.0,0.65,15.05,250.0,32.0,794.0,7.2,0.45,14.85,59.0,3.3,115.1,0.656,1.5%,0.82328,26.0,3.0,77.0,30.0,0.5,38.5,325.0,325.0,525.0,525.0,ADC,A,54.11,-3.27,50.91,86.05,8.12,4.73,2.28,12.23
186,Tristana,the Yordle Gunner,Marksman,Marksman,2009-02-21,V12.2,1350,585,Mana,600.0,88.0,2096.0,4.0,0.65,15.05,250.0,32.0,794.0,7.2,0.45,14.85,59.0,3.3,115.1,0.656,1.5%,0.82328,26.0,3.0,77.0,30.0,0.5,38.5,325.0,325.0,525.0,525.0,MID,B,47.15,-1.44,52.45,11.06,0.85,4.73,2.17,12.23
187,Trundle,the Troll King,Fighter,Juggernaut,2010-01-12,V11.21,3150,790,Mana,616.0,96.0,2248.0,6.0,0.75,18.75,281.0,45.0,1046.0,7.5,0.6,17.7,68.0,3.0,119.0,0.67,2.9%,1.00031,37.0,2.7,82.9,32.0,1.25,53.25,350.0,350.0,175.0,175.0,JUNGLE,C,37.71,-20.2,50.74,70.84,2.09,2.2,2.56,12.23
188,Trundle,the Troll King,Fighter,Juggernaut,2010-01-12,V11.21,3150,790,Mana,616.0,96.0,2248.0,6.0,0.75,18.75,281.0,45.0,1046.0,7.5,0.6,17.7,68.0,3.0,119.0,0.67,2.9%,1.00031,37.0,2.7,82.9,32.0,1.25,53.25,350.0,350.0,175.0,175.0,TOP,D,30.07,-14.01,47.44,21.97,0.64,2.31,1.58,12.23
189,Tryndamere,the Barbarian King,Slayer,Skirmisher,2009-01-05,V11.23,1350,585,Fury,626.0,98.0,2292.0,8.5,0.9,23.8,100.0,0.0,100.0,0.0,0.0,0.0,72.0,3.7,134.9,0.67,2.9%,1.00031,33.0,3.1,85.7,32.0,1.25,53.25,345.0,345.0,125.0,125.0,TOP,A,48.52,-0.32,50.92,72.7,2.83,3.15,1.81,12.23
190,Tryndamere,the Barbarian King,Slayer,Skirmisher,2009-01-05,V11.23,1350,585,Fury,626.0,98.0,2292.0,8.5,0.9,23.8,100.0,0.0,100.0,0.0,0.0,0.0,72.0,3.7,134.9,0.67,2.9%,1.00031,33.0,3.1,85.7,32.0,1.25,53.25,345.0,345.0,125.0,125.0,MID,B,46.28,-4.46,52.34,19.33,0.71,3.15,2.08,12.23
191,Twisted Fate,the Card Master,Mage,Burst,2009-02-21,V12.3,1350,585,Mana,534.0,94.0,2132.0,5.5,0.6,15.7,333.0,39.0,996.0,8.0,0.8,21.6,52.0,3.3,108.1,0.651,3.22%,1.0073574,21.0,3.15,74.55,30.0,0.5,38.5,330.0,330.0,525.0,525.0,MID,C,40.26,0.56,46.94,86.01,1.9,0.11,2.09,12.23
192,Twitch,the Plague Rat,Marksman,Marksman,2009-01-05,V11.24,3150,790,Mana,612.0,86.0,2074.0,3.75,0.6,13.95,287.2,40.0,967.2,7.26,0.45,14.91,59.0,3.11,111.87,0.679,3.38%,1.0691534,27.0,3.0,78.0,30.0,0.5,38.5,330.0,330.0,550.0,550.0,ADC,A,52.07,-1.91,51.49,63.02,6.55,8.68,2.36,12.23
193,Twitch,the Plague Rat,Marksman,Marksman,2009-01-05,V11.24,3150,790,Mana,612.0,86.0,2074.0,3.75,0.6,13.95,287.2,40.0,967.2,7.26,0.45,14.91,59.0,3.11,111.87,0.679,3.38%,1.0691534,27.0,3.0,78.0,30.0,0.5,38.5,330.0,330.0,550.0,550.0,SUPPORT,B,42.04,-1.73,49.57,20.19,2.1,8.68,2.13,12.23
194,Udyr,the Spirit Walker,Fighter,Juggernaut,2009-02-12,V11.20,1350,585,Mana,594.0,92.0,2158.0,6.0,0.75,18.75,271.0,50.0,1121.0,7.5,0.45,15.15,64.0,5.0,149.0,0.658,2.67%,0.9566662,34.0,4.0,102.0,32.0,1.25,53.25,350.0,350.0,125.0,125.0,JUNGLE,God,85.95,17.12,51.71,88.42,7.28,25.46,2.4,12.23
195,Urgot,the Dreadnought,Fighter,Juggernaut,2010-08-24,V11.24,3150,790,Mana,585.0,88.0,2081.0,7.5,0.7,19.4,340.0,45.0,1105.0,7.25,0.8,20.85,63.0,4.0,131.0,0.625,3.75%,1.0234375,36.0,4.25,108.25,32.0,1.25,53.25,330.0,330.0,350.0,350.0,TOP,B,46.24,-4.54,50.05,88.91,2.66,1.23,1.89,12.23
196,Varus,the Arrow of Retribution,Marksman,Marksman,2012-08-05,V12.5,4800,880,Mana,530.0,91.0,2077.0,3.5,0.55,12.85,360.0,40.0,1040.0,8.0,0.8,21.6,59.0,3.4,116.8,0.658,4%,1.10544,27.0,3.4,84.8,30.0,0.5,38.5,330.0,330.0,575.0,575.0,ADC,A,55.31,-7.23,50.66,78.16,8.75,4.34,2.31,12.23
197,Varus,the Arrow of Retribution,Marksman,Marksman,2012-08-05,V12.5,4800,880,Mana,530.0,91.0,2077.0,3.5,0.55,12.85,360.0,40.0,1040.0,8.0,0.8,21.6,59.0,3.4,116.8,0.658,4%,1.10544,27.0,3.4,84.8,30.0,0.5,38.5,330.0,330.0,575.0,575.0,MID,B,43.25,-1.79,48.37,19.07,2.34,4.34,2.03,12.23
198,Vayne,the Night Hunter,Marksman,Marksman,2011-10-05,V12.2,4800,880,Mana,515.0,89.0,2028.0,3.5,0.55,12.85,231.8,35.0,826.8,6.97,0.4,13.77,60.0,2.36,100.12,0.658,3.3%,1.027138,23.0,3.4,80.8,30.0,0.5,38.5,330.0,330.0,550.0,550.0,ADC,A,49.39,-5.61,50.13,80.97,7.58,8.24,2.02,12.23
199,Vayne,the Night Hunter,Marksman,Marksman,2011-10-05,V12.2,4800,880,Mana,515.0,89.0,2028.0,3.5,0.55,12.85,231.8,35.0,826.8,6.97,0.4,13.77,60.0,2.36,100.12,0.658,3.3%,1.027138,23.0,3.4,80.8,30.0,0.5,38.5,330.0,330.0,550.0,550.0,TOP,C,37.23,-4.51,49.01,16.03,1.46,8.24,1.56,12.23
200,Veigar,the Tiny Master of Evil,Mage,Burst,2009-07-24,V12.4,1350,585,Mana,505.0,94.0,2103.0,6.5,0.6,16.7,490.0,26.0,932.0,8.0,0.8,21.6,52.0,2.7,97.9,0.625,2.24%,0.863,21.0,4.0,89.0,32.0,0.5,40.5,340.0,340.0,550.0,550.0,MID,A,51.29,-0.33,50.93,70.57,4.07,2.69,2.2,12.23
201,Veigar,the Tiny Master of Evil,Mage,Burst,2009-07-24,V12.4,1350,585,Mana,505.0,94.0,2103.0,6.5,0.6,16.7,490.0,26.0,932.0,8.0,0.8,21.6,52.0,2.7,97.9,0.625,2.24%,0.863,21.0,4.0,89.0,32.0,0.5,40.5,340.0,340.0,550.0,550.0,ADC,D,30.36,-4.28,50.2,15.92,0.78,2.69,2.26,12.23
202,Veigar,the Tiny Master of Evil,Mage,Burst,2009-07-24,V12.4,1350,585,Mana,505.0,94.0,2103.0,6.5,0.6,16.7,490.0,26.0,932.0,8.0,0.8,21.6,52.0,2.7,97.9,0.625,2.24%,0.863,21.0,4.0,89.0,32.0,0.5,40.5,340.0,340.0,550.0,550.0,SUPPORT,D,27.94,-5.87,45.97,10.55,0.66,2.89,1.83,12.23
203,Vex,the Gloomist,Mage,Burst,2021-09-23,V12.1,6300,975,Mana,520.0,90.0,2050.0,6.5,0.6,16.7,490.0,32.0,1034.0,6.0,0.8,19.6,54.0,2.75,100.75,0.669,1%,0.78273,23.0,3.25,78.25,28.0,0.5,36.5,335.0,335.0,550.0,550.0,MID,A,55.12,-3.77,51.46,91.55,5.01,8.31,2.34,12.23
204,Vi,the Piltover Enforcer,Fighter,Diver,2012-12-19,V12.1,4800,880,Mana,585.0,85.0,2030.0,10.0,1.0,27.0,295.0,65.0,1400.0,8.0,0.65,19.05,63.0,3.0,114.0,0.644,2%,0.86296,30.0,3.5,89.5,32.0,1.25,53.25,340.0,340.0,125.0,125.0,JUNGLE,A,56.38,-1.54,52.93,92.95,4.26,0.91,2.56,12.23
205,Viego,The Ruined King,Slayer,Skirmisher,2021-01-22,V12.5,6300,975,,560.0,95.0,2175.0,7.0,0.7,18.9,0.0,0.0,0.0,0.0,0.0,0.0,57.0,3.5,116.5,0.658,2.5%,0.93765,34.0,4.0,102.0,32.0,1.25,53.25,345.0,345.0,200.0,225.0,JUNGLE,S,67.89,1.64,49.58,88.49,7.47,3.29,2.41,12.23
206,Viktor,the Machine Herald,Mage,Battlemage,2011-12-29,V11.20,4800,880,Mana,530.0,90.0,2060.0,8.0,0.65,19.05,405.0,45.0,1170.0,8.0,0.8,21.6,53.0,3.0,104.0,0.658,2.11%,0.8940246,23.0,4.0,91.0,30.0,0.5,38.5,335.0,335.0,525.0,525.0,MID,A,55.18,-1.14,51.69,94.41,5.38,3.01,2.24,12.23
207,Vladimir,the Crimson Reaper,Mage,Battlemage,2010-07-27,V11.22,3150,790,Bloodthirst,537.0,96.0,2169.0,7.0,0.6,17.2,2.0,0.0,2.0,0.0,0.0,0.0,55.0,3.0,106.0,0.658,2%,0.88172,23.0,3.3,79.1,30.0,0.5,38.5,330.0,330.0,450.0,450.0,MID,A,49.08,-0.97,49.73,75.73,3.66,5.14,2.27,12.23
208,Vladimir,the Crimson Reaper,Mage,Battlemage,2010-07-27,V11.22,3150,790,Bloodthirst,537.0,96.0,2169.0,7.0,0.6,17.2,2.0,0.0,2.0,0.0,0.0,0.0,55.0,3.0,106.0,0.658,2%,0.88172,23.0,3.3,79.1,30.0,0.5,38.5,330.0,330.0,450.0,450.0,TOP,C,33.11,-4.89,47.23,20.95,0.91,5.14,1.92,12.23
209,Volibear,the Relentless Storm,Fighter,Juggernaut,2011-11-29,V12.2,3150,790,Mana,580.0,90.0,2110.0,9.0,0.75,21.75,350.0,70.0,1540.0,6.25,0.5,14.75,60.0,3.5,119.5,0.625,2%,0.8375,31.0,4.0,99.0,32.0,1.25,53.25,340.0,340.0,150.0,150.0,JUNGLE,C,37.41,-12.34,50.61,46.58,2.07,1.46,2.6,12.23
210,Volibear,the Relentless Storm,Fighter,Juggernaut,2011-11-29,V12.2,3150,790,Mana,580.0,90.0,2110.0,9.0,0.75,21.75,350.0,70.0,1540.0,6.25,0.5,14.75,60.0,3.5,119.5,0.625,2%,0.8375,31.0,4.0,99.0,32.0,1.25,53.25,340.0,340.0,150.0,150.0,TOP,C,36.53,-7.74,47.23,47.97,2.05,1.46,1.67,12.23
211,Warwick,the Uncaged Wrath of Zaun,Fighter,Diver,2009-02-21,V11.21,450,260,Mana,550.0,85.0,1995.0,4.0,0.75,16.75,280.0,35.0,875.0,7.47,0.58,17.33,65.0,3.0,116.0,0.638,2.3%,0.887458,33.0,3.2,87.4,32.0,1.25,53.25,335.0,335.0,125.0,125.0,JUNGLE,God,76.16,13.72,51.21,66.14,7.61,8.14,2.26,12.23
212,Warwick,the Uncaged Wrath of Zaun,Fighter,Diver,2009-02-21,V11.21,450,260,Mana,550.0,85.0,1995.0,4.0,0.75,16.75,280.0,35.0,875.0,7.47,0.58,17.33,65.0,3.0,116.0,0.638,2.3%,0.887458,33.0,3.2,87.4,32.0,1.25,53.25,335.0,335.0,125.0,125.0,TOP,A,52.5,7.12,52.37,30.92,2.77,8.14,1.91,12.23
213,Wukong,the Monkey King,Fighter,Diver,2011-07-26,V11.22,4800,880,Mana,540.0,85.0,1985.0,2.5,0.65,13.55,300.0,65.0,1405.0,8.0,0.65,19.05,68.0,3.5,127.5,0.711,3%,1.07361,31.0,3.5,90.5,28.0,1.25,49.25,345.0,345.0,175.0,175.0,JUNGLE,A,53.5,-4.48,52.88,74.45,3.53,2.28,2.77,12.23
214,Wukong,the Monkey King,Fighter,Diver,2011-07-26,V11.22,4800,880,Mana,540.0,85.0,1985.0,2.5,0.65,13.55,300.0,65.0,1405.0,8.0,0.65,19.05,68.0,3.5,127.5,0.711,3%,1.07361,31.0,3.5,90.5,28.0,1.25,49.25,345.0,345.0,175.0,175.0,TOP,B,43.29,0.69,51.71,20.41,0.98,2.28,2.07,12.23
215,Xayah,the Rebel,Marksman,Marksman,2017-04-19,V12.4,6300,975,Mana,590.0,88.0,2086.0,3.25,0.75,16.0,340.0,40.0,1020.0,8.25,0.75,21.0,60.0,3.5,119.5,0.625,3.9%,1.039375,25.0,3.0,76.0,30.0,0.5,38.5,330.0,330.0,525.0,525.0,ADC,B,40.73,-3.94,50.02,97.78,4.54,0.56,2.29,12.23
216,Xerath,the Magus Ascendant,Mage Artillery,Artillery,2011-05-10,V11.22,4800,880,Mana,526.0,92.0,2090.0,5.5,0.55,14.85,459.0,22.0,833.0,8.0,0.8,21.6,55.0,3.0,106.0,0.625,1.36%,0.7695,22.0,3.5,81.5,30.0,0.5,38.5,340.0,340.0,525.0,525.0,SUPPORT,A,48.82,-3.15,49.99,71.22,3.38,2.31,2.56,12.23
217,Xerath,the Magus Ascendant,Mage Artillery,Artillery,2011-05-10,V11.22,4800,880,Mana,526.0,92.0,2090.0,5.5,0.55,14.85,459.0,22.0,833.0,8.0,0.8,21.6,55.0,3.0,106.0,0.625,1.36%,0.7695,22.0,3.5,81.5,30.0,0.5,38.5,340.0,340.0,525.0,525.0,MID,B,48.12,-3.03,50.37,23.96,1.11,2.31,3.0,12.23
218,Xin Zhao,the Seneschal of Demacia,Fighter,Diver,2010-07-13,V12.5,1350,585,Mana,570.0,92.0,2134.0,8.0,0.7,19.9,274.0,55.0,1209.0,7.26,0.45,14.91,63.0,3.0,114.0,0.645,3.5%,1.028775,35.0,3.5,94.5,32.0,1.25,53.25,345.0,345.0,175.0,175.0,JUNGLE,C,37.07,-7.52,51.26,83.89,2.06,0.34,2.32,12.23
219,Yasuo,the Unforgiven,Slayer,Skirmisher,2013-12-13,V12.2,4800,880,,490.0,87.0,1969.0,6.5,0.9,21.8,100.0,0.0,100.0,0.0,0.0,0.0,60.0,3.0,111.0,0.697,3.5%,1.111715,30.0,3.4,87.8,32.0,1.25,53.25,345.0,345.0,175.0,175.0,MID,S,68.71,-3.04,49.39,69.55,12.59,19.16,1.7,12.23
220,Yasuo,the Unforgiven,Slayer,Skirmisher,2013-12-13,V12.2,4800,880,,490.0,87.0,1969.0,6.5,0.9,21.8,100.0,0.0,100.0,0.0,0.0,0.0,60.0,3.0,111.0,0.697,3.5%,1.111715,30.0,3.4,87.8,32.0,1.25,53.25,345.0,345.0,175.0,175.0,TOP,B,43.33,0.47,47.99,16.58,2.82,19.16,1.51,12.23
221,Yasuo,the Unforgiven,Slayer,Skirmisher,2013-12-13,V12.2,4800,880,,490.0,87.0,1969.0,6.5,0.9,21.8,100.0,0.0,100.0,0.0,0.0,0.0,60.0,3.0,111.0,0.697,3.5%,1.111715,30.0,3.4,87.8,32.0,1.25,53.25,345.0,345.0,175.0,175.0,ADC,D,31.91,-1.06,49.85,12.49,2.06,19.16,1.92,12.23
222,Yone,the Unforgotten,Slayer,Assassin,2020-06-08,V12.2,6300,975,,550.0,85.0,1995.0,7.5,0.75,20.25,500.0,0.0,500.0,0.0,0.0,0.0,60.0,2.0,94.0,0.625,3.5%,0.996875,28.0,3.4,85.8,32.0,1.25,53.25,345.0,345.0,175.0,175.0,MID,S,61.43,-3.39,50.6,62.97,9.3,11.43,1.89,12.23
223,Yone,the Unforgotten,Slayer,Assassin,2020-06-08,V12.2,6300,975,,550.0,85.0,1995.0,7.5,0.75,20.25,500.0,0.0,500.0,0.0,0.0,0.0,60.0,2.0,94.0,0.625,3.5%,0.996875,28.0,3.4,85.8,32.0,1.25,53.25,345.0,345.0,175.0,175.0,TOP,A,53.21,-0.87,48.8,33.17,4.62,11.43,1.64,12.23
224,Yorick,Shepherd of Souls,Fighter,Juggernaut,2011-06-22,V12.5,4800,880,Mana,580.0,100.0,2280.0,8.0,0.8,21.6,300.0,60.0,1320.0,7.5,0.75,20.25,62.0,5.0,147.0,0.625,2%,0.8375,39.0,4.0,107.0,32.0,1.25,53.25,340.0,340.0,175.0,175.0,TOP,B,47.09,0.79,51.64,86.72,2.5,2.65,1.6,12.23
225,Yuumi,the Magical Cat,Controller,Enchanter,2019-05-14,V11.22,6300,975,Mana,480.0,70.0,1670.0,7.0,0.55,16.35,400.0,45.0,1165.0,10.0,0.4,16.8,55.0,3.1,107.7,0.625,1%,0.73125,25.0,3.0,76.0,25.0,0.3,30.1,330.0,330.0,500.0,500.0,SUPPORT,God,90.0,-3.58,47.94,98.47,10.3,28.88,3.94,12.23
226,Zac,the Secret Weapon,Tank,Vanguard,2013-03-29,V11.8,4800,880,Health,615.0,95.0,2230.0,8.0,0.5,16.5,0.0,0.0,0.0,0.0,0.0,0.0,60.0,3.4,117.8,0.736,1.6%,0.936192,33.0,3.5,92.5,32.0,1.25,53.25,340.0,340.0,175.0,175.0,JUNGLE,S,62.96,16.16,52.95,67.85,4.07,3.38,3.67,12.23
227,Zac,the Secret Weapon,Tank,Vanguard,2013-03-29,V11.8,4800,880,Health,615.0,95.0,2230.0,8.0,0.5,16.5,0.0,0.0,0.0,0.0,0.0,0.0,60.0,3.4,117.8,0.736,1.6%,0.936192,33.0,3.5,92.5,32.0,1.25,53.25,340.0,340.0,175.0,175.0,TOP,A,51.43,9.77,53.85,14.7,0.91,3.38,2.72,12.23
228,Zed,the Master of Shadows,Slayer,Assassin,2012-11-13,V12.4,4800,880,Energy,584.0,85.0,2029.0,7.0,0.65,18.05,200.0,0.0,200.0,50.0,0.0,50.0,63.0,3.4,120.8,0.651,3.3%,1.016211,32.0,3.5,91.5,32.0,1.25,53.25,345.0,345.0,125.0,125.0,MID,God,87.21,-4.61,49.89,73.36,12.43,47.72,2.22,12.23
229,Zed,the Master of Shadows,Slayer,Assassin,2012-11-13,V12.4,4800,880,Energy,584.0,85.0,2029.0,7.0,0.65,18.05,200.0,0.0,200.0,50.0,0.0,50.0,63.0,3.4,120.8,0.651,3.3%,1.016211,32.0,3.5,91.5,32.0,1.25,53.25,345.0,345.0,125.0,125.0,JUNGLE,S,57.79,2.04,47.56,21.9,3.54,47.72,2.51,12.23
230,Zeri,the Spark of Zaun,Marksman,Marksman,2022-01-20,V12.5,6300,975,Mana,500.0,90.0,2030.0,3.25,0.55,12.6,250.0,45.0,1015.0,6.0,0.8,19.6,53.0,2.0,87.0,0.658,2%,0.88172,22.0,3.0,73.0,30.0,0.5,38.5,325.0,325.0,500.0,500.0,ADC,S,59.61,39.89,51.48,92.6,9.2,3.9,2.44,12.23
231,Ziggs,the Hexplosives Expert,Mage Artillery,Artillery,2012-01-02,V11.16,4800,880,Mana,536.0,92.0,2100.0,6.5,0.6,16.7,480.0,23.5,879.5,8.0,0.8,21.6,54.0,3.1,106.7,0.656,2%,0.87904,22.0,3.3,78.1,30.0,0.5,38.5,325.0,325.0,550.0,550.0,MID,B,48.01,1.73,51.68,52.33,1.41,0.34,2.4,12.23
232,Ziggs,the Hexplosives Expert,Mage Artillery,Artillery,2012-01-02,V11.16,4800,880,Mana,536.0,92.0,2100.0,6.5,0.6,16.7,480.0,23.5,879.5,8.0,0.8,21.6,54.0,3.1,106.7,0.656,2%,0.87904,22.0,3.3,78.1,30.0,0.5,38.5,325.0,325.0,550.0,550.0,ADC,C,38.97,-0.46,52.87,34.42,0.82,0.34,2.57,12.23
233,Ziggs,the Hexplosives Expert,Mage Artillery,Artillery,2012-01-02,V11.16,4800,880,Mana,536.0,92.0,2100.0,6.5,0.6,16.7,480.0,23.5,879.5,8.0,0.8,21.6,54.0,3.1,106.7,0.656,2%,0.87904,22.0,3.3,78.1,30.0,0.5,38.5,325.0,325.0,550.0,550.0,SUPPORT,C,32.43,-3.51,48.21,12.39,0.33,0.36,2.08,12.23
234,Zilean,the Chronokeeper,Specialist,Specialist,2009-04-18,V11.14,1350,585,Mana,504.0,82.0,1898.0,5.5,0.5,14.0,452.0,50.0,1302.0,11.34,0.8,24.94,52.0,3.0,103.0,0.625,2.13%,0.8513125,24.0,3.8,88.6,30.0,0.5,38.5,335.0,335.0,550.0,550.0,MID,A,54.98,4.06,54.42,12.95,0.53,1.78,3.39,12.23
235,Zilean,the Chronokeeper,Specialist,Specialist,2009-04-18,V11.14,1350,585,Mana,504.0,82.0,1898.0,5.5,0.5,14.0,452.0,50.0,1302.0,11.34,0.8,24.94,52.0,3.0,103.0,0.625,2.13%,0.8513125,24.0,3.8,88.6,30.0,0.5,38.5,335.0,335.0,550.0,550.0,SUPPORT,A,50.83,-0.62,50.12,82.19,3.36,1.78,2.96,12.23
236,Zoe,the Aspect of Twilight,Mage,Burst,2017-11-21,V12.4,6300,975,Mana,560.0,92.0,2124.0,6.5,0.6,16.7,425.0,25.0,850.0,8.0,0.65,19.05,58.0,3.3,114.1,0.625,2.5%,0.890625,21.0,3.5,80.5,30.0,0.5,38.5,340.0,340.0,550.0,550.0,MID,B,46.03,0.43,48.15,82.83,3.19,1.21,2.4,12.23
237,Zoe,the Aspect of Twilight,Mage,Burst,2017-11-21,V12.4,6300,975,Mana,560.0,92.0,2124.0,6.5,0.6,16.7,425.0,25.0,850.0,8.0,0.65,19.05,58.0,3.3,114.1,0.625,2.5%,0.890625,21.0,3.5,80.5,30.0,0.5,38.5,340.0,340.0,550.0,550.0,SUPPORT,D,31.88,0.11,47.47,13.59,0.5,1.21,2.16,12.23
238,Zyra,Rise of the Thorns,Controller,Catcher,2012-07-24,V11.22,4800,880,Mana,504.0,79.0,1847.0,5.5,0.5,14.0,418.0,25.0,843.0,13.0,0.4,19.8,53.0,3.2,107.4,0.625,2.11%,0.8491875,29.0,3.0,80.0,30.0,0.5,38.5,340.0,340.0,575.0,575.0,SUPPORT,A,52.45,-1.89,52.62,90.82,3.33,2.42,2.22,12.23
